[{"model": "user_handler.custompermission", "pk": 1, "fields": {"name": "super_role", "description": "", "update_accounting_settings": true, "get_accounting_settings": true, "generate_balance_sheet_statement": true, "generate_profit_loss_statement": true, "update_ledger_entry": true, "get_ledger_entry_details": true, "add_new_ledger_entry": true, "get_multiple_ledger_entries": true, "delete_account_types": true, "udpate_account_types": true, "add_account_types": true, "get_multiple_account_types": true, "get_transactions": true, "update_account": true, "delete_accounts": true, "get_account_details": true, "add_new_account": true, "get_multiple_accounts": true, "credit_payment": true, "get_payments": true, "update_payment": true, "delete_payment": true, "create_payment": true, "update_payment_settings": true, "get_payment_settings": true, "redeeme_history": true, "redeeme_gift_card": true, "add_new_gift_card_category": true, "delete_gift_card_category": true, "update_gift_card_category": true, "get_gift_card_category": true, "get_gift_card_categories": true, "apply_payment": true, "get_payment_methods": true, "add_new_gift_cards": true, "update_gift_card": true, "delete_unique_cards": true, "validate_gift_card": true, "delete_gift_cards": true, "get_gift_card_details": true, "get_multiple_gift_cards": true, "get_countries": true, "restore_backup": true, "download_backup": true, "get_backup_list": true, "make_backup": true, "get_user_logs": true, "get_activities_log": true, "update_notification_settings": true, "get_notification_settings": true, "read_notification": true, "get_notifications": true, "udpate_settings": true, "get_settings": true, "get_current_user": true, "reset_password": true, "validate_code": true, "forget_password": true, "get_logs": true, "log_logout_time": true, "update_role": true, "delete_role": true, "assign_role": true, "add_new_role": true, "valid_power": true, "get_role_details": true, "get_multiple_roles": true, "delete_user": true, "update_user": true, "get_multiple_user": true, "user_creation": true, "user_token": true, "import_data": true, "create_bar_code": true, "update_purchase_item": true, "get_purchase_item_details": true, "delete_purchase_items": true, "add_new_purchase_item": true, "get_mulitple_purchase_items": true, "export_inventory": true, "get_placements": true, "assign_place": true, "get_single_place": true, "delete_places": true, "update_place": true, "add_new_place": true, "get_multiple_places": true, "update_item_category": true, "delete_item_catagories": true, "get_item_catagory_details": true, "add_new_item_catagory": true, "get_multiple_item_catagories": true, "delete_items": true, "update_item": true, "get_item_details": true, "add_new_item": true, "get_multiple_items": true, "get_vendor_details": true, "update_vendor": true, "delete_vendors": true, "add_new_vendor": true, "get_multiple_vendors": true, "delete_purchase_orders": true, "update_purchase_order": true, "get_purchase_order_details": true, "add_new_purchase_order": true, "get_multiple_purchase_orders": true, "purchase_order_statuss": true, "sync_with_ird_fnc": true, "get_bill": true, "update_settings": true, "get_sales_settings": true, "dashboard_report": true, "export_sales_data": true, "add_new_tax": true, "update_tax": true, "delete_taxes": true, "get_tax_details": true, "get_multiple_taxes": true, "add_new_discount": true, "update_discount": true, "delete_discount": true, "get_discount_details": true, "get_multiple_discounts": true, "add_new_invoice_item": true, "update_invoice_item": true, "delete_invoice_items": true, "get_invoice_details": true, "get_multiple_invoices": true, "get_customer_category": true, "add_customer_categories": true, "delete_customer_categories": true, "update_customer_categories": true, "add_new_customer": true, "get_customer_details": true, "get_customer_categories": true, "delete_customers": true, "update_customer": true, "get_multiple_customers": true, "get_invoice_status": true, "add_new_invoice": true, "update_invoice": true, "delete_invoices": true}}, {"model": "user_handler.customuserbase", "pk": 1, "fields": {"password": "pbkdf2_sha256$180000$8IaDXxGktN78$PCnGLCS43tievShMz9/dOu2nG4fUaJzCvHMGJaUItLc=", "last_login": null, "is_superuser": true, "username": "admin", "first_name": "", "last_name": "", "email": "", "is_staff": true, "date_joined": "2020-09-15T08:25:46.641Z", "is_active": true, "is_destroyed": false, "uuid": "5413dd50-e1e2-49f2-9685-46fce4c80604", "role": 1, "created_at": "2020-09-15T08:25:46.759Z", "updated_at": "2020-09-15T08:25:49.320Z", "groups": [], "user_permissions": []}}, {"model": "user_handler.country", "pk": 1, "fields": {"alpha2": "AF", "alpha3": "AFG", "num": 4, "phone_code": 93, "name": "Afghanistan", "continent": "Asia"}}, {"model": "user_handler.country", "pk": 2, "fields": {"alpha2": "AX", "alpha3": "ALA", "num": 248, "phone_code": 358, "name": "\u00c5land Islands", "continent": "Europe"}}, {"model": "user_handler.country", "pk": 3, "fields": {"alpha2": "AL", "alpha3": "ALB", "num": 8, "phone_code": 355, "name": "Albania", "continent": "Europe"}}, {"model": "user_handler.country", "pk": 4, "fields": {"alpha2": "DZ", "alpha3": "DZA", "num": 12, "phone_code": 213, "name": "Algeria", "continent": "Africa"}}, {"model": "user_handler.country", "pk": 5, "fields": {"alpha2": "AS", "alpha3": "ASM", "num": 16, "phone_code": 1684, "name": "American Samoa", "continent": "Oceania"}}, {"model": "user_handler.country", "pk": 6, "fields": {"alpha2": "AD", "alpha3": "AND", "num": 20, "phone_code": 376, "name": "Andorra", "continent": "Europe"}}, {"model": "user_handler.country", "pk": 7, "fields": {"alpha2": "AO", "alpha3": "AGO", "num": 24, "phone_code": 244, "name": "Angola", "continent": "Africa"}}, {"model": "user_handler.country", "pk": 8, "fields": {"alpha2": "AI", "alpha3": "AIA", "num": 660, "phone_code": 1264, "name": "Anguilla", "continent": "North America"}}, {"model": "user_handler.country", "pk": 9, "fields": {"alpha2": "AQ", "alpha3": "ATA", "num": 10, "phone_code": 672, "name": "Antarctica", "continent": "Antarctica"}}, {"model": "user_handler.country", "pk": 10, "fields": {"alpha2": "AG", "alpha3": "ATG", "num": 28, "phone_code": 1268, "name": "Antigua and Barbuda", "continent": "North America"}}, {"model": "user_handler.country", "pk": 11, "fields": {"alpha2": "AR", "alpha3": "ARG", "num": 32, "phone_code": 54, "name": "Argentina", "continent": "South America"}}, {"model": "user_handler.country", "pk": 12, "fields": {"alpha2": "AM", "alpha3": "ARM", "num": 51, "phone_code": 374, "name": "Armenia", "continent": "Asia"}}, {"model": "user_handler.country", "pk": 13, "fields": {"alpha2": "AW", "alpha3": "ABW", "num": 533, "phone_code": 297, "name": "Aruba", "continent": "North America"}}, {"model": "user_handler.country", "pk": 14, "fields": {"alpha2": "AU", "alpha3": "AUS", "num": 36, "phone_code": 61, "name": "Australia", "continent": "Oceania"}}, {"model": "user_handler.country", "pk": 15, "fields": {"alpha2": "AT", "alpha3": "AUT", "num": 40, "phone_code": 43, "name": "Austria", "continent": "Europe"}}, {"model": "user_handler.country", "pk": 16, "fields": {"alpha2": "AZ", "alpha3": "AZE", "num": 31, "phone_code": 994, "name": "Azerbaijan", "continent": "Asia"}}, {"model": "user_handler.country", "pk": 17, "fields": {"alpha2": "BS", "alpha3": "BHS", "num": 44, "phone_code": 1242, "name": "Bahamas", "continent": "North America"}}, {"model": "user_handler.country", "pk": 18, "fields": {"alpha2": "BH", "alpha3": "BHR", "num": 48, "phone_code": 973, "name": "Bahrain", "continent": "Asia"}}, {"model": "user_handler.country", "pk": 19, "fields": {"alpha2": "BD", "alpha3": "BGD", "num": 50, "phone_code": 880, "name": "Bangladesh", "continent": "Asia"}}, {"model": "user_handler.country", "pk": 20, "fields": {"alpha2": "BB", "alpha3": "BRB", "num": 52, "phone_code": 1246, "name": "Barbados", "continent": "North America"}}, {"model": "user_handler.country", "pk": 21, "fields": {"alpha2": "BY", "alpha3": "BLR", "num": 112, "phone_code": 375, "name": "Belarus", "continent": "Europe"}}, {"model": "user_handler.country", "pk": 22, "fields": {"alpha2": "BE", "alpha3": "BEL", "num": 56, "phone_code": 32, "name": "Belgium", "continent": "Europe"}}, {"model": "user_handler.country", "pk": 23, "fields": {"alpha2": "BZ", "alpha3": "BLZ", "num": 84, "phone_code": 501, "name": "Belize", "continent": "North America"}}, {"model": "user_handler.country", "pk": 24, "fields": {"alpha2": "BJ", "alpha3": "BEN", "num": 204, "phone_code": 229, "name": "Benin", "continent": "Africa"}}, {"model": "user_handler.country", "pk": 25, "fields": {"alpha2": "BM", "alpha3": "BMU", "num": 60, "phone_code": 1441, "name": "Bermuda", "continent": "North America"}}, {"model": "user_handler.country", "pk": 26, "fields": {"alpha2": "BT", "alpha3": "BTN", "num": 64, "phone_code": 975, "name": "Bhutan", "continent": "Asia"}}, {"model": "user_handler.country", "pk": 27, "fields": {"alpha2": "BO", "alpha3": "BOL", "num": 68, "phone_code": 591, "name": "Bolivia", "continent": "South America"}}, {"model": "user_handler.country", "pk": 28, "fields": {"alpha2": "BQ", "alpha3": "BES", "num": 535, "phone_code": 599, "name": "Bonaire, Sint Eustatius and Saba", "continent": "North America"}}, {"model": "user_handler.country", "pk": 29, "fields": {"alpha2": "BA", "alpha3": "BIH", "num": 70, "phone_code": 387, "name": "Bosnia and Herzegovina", "continent": "Europe"}}, {"model": "user_handler.country", "pk": 30, "fields": {"alpha2": "BW", "alpha3": "BWA", "num": 72, "phone_code": 267, "name": "Botswana", "continent": "Africa"}}, {"model": "user_handler.country", "pk": 31, "fields": {"alpha2": "BV", "alpha3": "BVT", "num": 74, "phone_code": 55, "name": "Bouvet Island", "continent": "Antarctica"}}, {"model": "user_handler.country", "pk": 32, "fields": {"alpha2": "BR", "alpha3": "BRA", "num": 76, "phone_code": 55, "name": "Brazil", "continent": "South America"}}, {"model": "user_handler.country", "pk": 33, "fields": {"alpha2": "IO", "alpha3": "IOT", "num": 86, "phone_code": 246, "name": "British Indian Ocean Territory", "continent": "Asia"}}, {"model": "user_handler.country", "pk": 34, "fields": {"alpha2": "BN", "alpha3": "BRN", "num": 96, "phone_code": 672, "name": "Brunei Darussalam", "continent": "Asia"}}, {"model": "user_handler.country", "pk": 35, "fields": {"alpha2": "BG", "alpha3": "BGR", "num": 100, "phone_code": 359, "name": "Bulgaria", "continent": "Europe"}}, {"model": "user_handler.country", "pk": 36, "fields": {"alpha2": "BF", "alpha3": "BFA", "num": 854, "phone_code": 226, "name": "Burkina Faso", "continent": "Africa"}}, {"model": "user_handler.country", "pk": 37, "fields": {"alpha2": "BI", "alpha3": "BDI", "num": 108, "phone_code": 257, "name": "Burundi", "continent": "Africa"}}, {"model": "user_handler.country", "pk": 38, "fields": {"alpha2": "KH", "alpha3": "KHM", "num": 116, "phone_code": 855, "name": "Cambodia", "continent": "Asia"}}, {"model": "user_handler.country", "pk": 39, "fields": {"alpha2": "CM", "alpha3": "CMR", "num": 120, "phone_code": 231, "name": "Cameroon", "continent": "Africa"}}, {"model": "user_handler.country", "pk": 40, "fields": {"alpha2": "CA", "alpha3": "CAN", "num": 124, "phone_code": 1, "name": "Canada", "continent": "North America"}}, {"model": "user_handler.country", "pk": 41, "fields": {"alpha2": "CV", "alpha3": "CPV", "num": 132, "phone_code": 238, "name": "Cape Verde", "continent": "Africa"}}, {"model": "user_handler.country", "pk": 42, "fields": {"alpha2": "KY", "alpha3": "CYM", "num": 136, "phone_code": 1345, "name": "Cayman Islands", "continent": "North America"}}, {"model": "user_handler.country", "pk": 43, "fields": {"alpha2": "CF", "alpha3": "CAF", "num": 140, "phone_code": 236, "name": "Central African Republic", "continent": "Africa"}}, {"model": "user_handler.country", "pk": 44, "fields": {"alpha2": "TD", "alpha3": "TCD", "num": 148, "phone_code": 235, "name": "Chad", "continent": "Africa"}}, {"model": "user_handler.country", "pk": 45, "fields": {"alpha2": "CL", "alpha3": "CHL", "num": 152, "phone_code": 56, "name": "Chile", "continent": "South America"}}, {"model": "user_handler.country", "pk": 46, "fields": {"alpha2": "CN", "alpha3": "CHN", "num": 156, "phone_code": 86, "name": "China", "continent": "Asia"}}, {"model": "user_handler.country", "pk": 47, "fields": {"alpha2": "CX", "alpha3": "CXR", "num": 162, "phone_code": 61, "name": "Christmas Island", "continent": "Asia"}}, {"model": "user_handler.country", "pk": 48, "fields": {"alpha2": "CC", "alpha3": "CCK", "num": 166, "phone_code": 891, "name": "Cocos (Keeling) Islands", "continent": "Asia"}}, {"model": "user_handler.country", "pk": 49, "fields": {"alpha2": "CO", "alpha3": "COL", "num": 170, "phone_code": 57, "name": "Colombia", "continent": "South America"}}, {"model": "user_handler.country", "pk": 50, "fields": {"alpha2": "KM", "alpha3": "COM", "num": 174, "phone_code": 269, "name": "Comoros", "continent": "Africa"}}, {"model": "user_handler.country", "pk": 51, "fields": {"alpha2": "CG", "alpha3": "COG", "num": 178, "phone_code": 242, "name": "Congo", "continent": "Africa"}}, {"model": "user_handler.country", "pk": 52, "fields": {"alpha2": "CD", "alpha3": "COD", "num": 180, "phone_code": 243, "name": "The Democratic Republic of The Congo", "continent": "Africa"}}, {"model": "user_handler.country", "pk": 53, "fields": {"alpha2": "CK", "alpha3": "COK", "num": 184, "phone_code": 682, "name": "Cook Islands", "continent": "Oceania"}}, {"model": "user_handler.country", "pk": 54, "fields": {"alpha2": "CR", "alpha3": "CRI", "num": 188, "phone_code": 506, "name": "Costa Rica", "continent": "North America"}}, {"model": "user_handler.country", "pk": 55, "fields": {"alpha2": "CI", "alpha3": "CIV", "num": 384, "phone_code": 225, "name": "Cote D'ivoire", "continent": "Africa"}}, {"model": "user_handler.country", "pk": 56, "fields": {"alpha2": "CW", "alpha3": "CUW", "num": 531, "phone_code": 599, "name": "Cura\u00e7ao", "continent": "North America"}}, {"model": "user_handler.country", "pk": 57, "fields": {"alpha2": "HR", "alpha3": "HRV", "num": 191, "phone_code": 385, "name": "Croatia", "continent": "Europe"}}, {"model": "user_handler.country", "pk": 58, "fields": {"alpha2": "CU", "alpha3": "CUB", "num": 192, "phone_code": 53, "name": "Cuba", "continent": "North America"}}, {"model": "user_handler.country", "pk": 59, "fields": {"alpha2": "CY", "alpha3": "CYP", "num": 196, "phone_code": 357, "name": "Cyprus", "continent": "Asia"}}, {"model": "user_handler.country", "pk": 60, "fields": {"alpha2": "CZ", "alpha3": "CZE", "num": 203, "phone_code": 420, "name": "Czech Republic", "continent": "Europe"}}, {"model": "user_handler.country", "pk": 61, "fields": {"alpha2": "DK", "alpha3": "DNK", "num": 208, "phone_code": 45, "name": "Denmark", "continent": "Europe"}}, {"model": "user_handler.country", "pk": 62, "fields": {"alpha2": "DJ", "alpha3": "DJI", "num": 262, "phone_code": 253, "name": "Djibouti", "continent": "Africa"}}, {"model": "user_handler.country", "pk": 63, "fields": {"alpha2": "DM", "alpha3": "DMA", "num": 212, "phone_code": 1767, "name": "Dominica", "continent": "North America"}}, {"model": "user_handler.country", "pk": 64, "fields": {"alpha2": "DO", "alpha3": "DOM", "num": 214, "phone_code": 1809, "name": "Dominican Republic", "continent": "North America"}}, {"model": "user_handler.country", "pk": 65, "fields": {"alpha2": "EC", "alpha3": "ECU", "num": 218, "phone_code": 593, "name": "Ecuador", "continent": "South America"}}, {"model": "user_handler.country", "pk": 66, "fields": {"alpha2": "EG", "alpha3": "EGY", "num": 818, "phone_code": 20, "name": "Egypt", "continent": "Africa"}}, {"model": "user_handler.country", "pk": 67, "fields": {"alpha2": "SV", "alpha3": "SLV", "num": 222, "phone_code": 503, "name": "El Salvador", "continent": "North America"}}, {"model": "user_handler.country", "pk": 68, "fields": {"alpha2": "GQ", "alpha3": "GNQ", "num": 226, "phone_code": 240, "name": "Equatorial Guinea", "continent": "Africa"}}, {"model": "user_handler.country", "pk": 69, "fields": {"alpha2": "ER", "alpha3": "ERI", "num": 232, "phone_code": 291, "name": "Eritrea", "continent": "Africa"}}, {"model": "user_handler.country", "pk": 70, "fields": {"alpha2": "EE", "alpha3": "EST", "num": 233, "phone_code": 372, "name": "Estonia", "continent": "Europe"}}, {"model": "user_handler.country", "pk": 71, "fields": {"alpha2": "ET", "alpha3": "ETH", "num": 231, "phone_code": 251, "name": "Ethiopia", "continent": "Africa"}}, {"model": "user_handler.country", "pk": 72, "fields": {"alpha2": "FK", "alpha3": "FLK", "num": 238, "phone_code": 500, "name": "Falkland Islands (Malvinas)", "continent": "South America"}}, {"model": "user_handler.country", "pk": 73, "fields": {"alpha2": "FO", "alpha3": "FRO", "num": 234, "phone_code": 298, "name": "Faroe Islands", "continent": "Europe"}}, {"model": "user_handler.country", "pk": 74, "fields": {"alpha2": "FJ", "alpha3": "FJI", "num": 243, "phone_code": 679, "name": "Fiji", "continent": "Oceania"}}, {"model": "user_handler.country", "pk": 75, "fields": {"alpha2": "FI", "alpha3": "FIN", "num": 246, "phone_code": 238, "name": "Finland", "continent": "Europe"}}, {"model": "user_handler.country", "pk": 76, "fields": {"alpha2": "FR", "alpha3": "FRA", "num": 250, "phone_code": 33, "name": "France", "continent": "Europe"}}, {"model": "user_handler.country", "pk": 77, "fields": {"alpha2": "GF", "alpha3": "GUF", "num": 254, "phone_code": 594, "name": "French Guiana", "continent": "South America"}}, {"model": "user_handler.country", "pk": 78, "fields": {"alpha2": "PF", "alpha3": "PYF", "num": 258, "phone_code": 689, "name": "French Polynesia", "continent": "Oceania"}}, {"model": "user_handler.country", "pk": 79, "fields": {"alpha2": "TF", "alpha3": "ATF", "num": 260, "phone_code": 262, "name": "French Southern Territories", "continent": "Antarctica"}}, {"model": "user_handler.country", "pk": 80, "fields": {"alpha2": "GA", "alpha3": "GAB", "num": 266, "phone_code": 241, "name": "Gabon", "continent": "Africa"}}, {"model": "user_handler.country", "pk": 81, "fields": {"alpha2": "GM", "alpha3": "GMB", "num": 270, "phone_code": 220, "name": "Gambia", "continent": "Africa"}}, {"model": "user_handler.country", "pk": 82, "fields": {"alpha2": "GE", "alpha3": "GEO", "num": 268, "phone_code": 995, "name": "Georgia", "continent": "Asia"}}, {"model": "user_handler.country", "pk": 83, "fields": {"alpha2": "DE", "alpha3": "DEU", "num": 276, "phone_code": 49, "name": "Germany", "continent": "Europe"}}, {"model": "user_handler.country", "pk": 84, "fields": {"alpha2": "GH", "alpha3": "GHA", "num": 288, "phone_code": 233, "name": "Ghana", "continent": "Africa"}}, {"model": "user_handler.country", "pk": 85, "fields": {"alpha2": "GI", "alpha3": "GIB", "num": 292, "phone_code": 350, "name": "Gibraltar", "continent": "Europe"}}, {"model": "user_handler.country", "pk": 86, "fields": {"alpha2": "GR", "alpha3": "GRC", "num": 300, "phone_code": 30, "name": "Greece", "continent": "Europe"}}, {"model": "user_handler.country", "pk": 87, "fields": {"alpha2": "GL", "alpha3": "GRL", "num": 304, "phone_code": 299, "name": "Greenland", "continent": "North America"}}, {"model": "user_handler.country", "pk": 88, "fields": {"alpha2": "GD", "alpha3": "GRD", "num": 308, "phone_code": 1473, "name": "Grenada", "continent": "North America"}}, {"model": "user_handler.country", "pk": 89, "fields": {"alpha2": "GP", "alpha3": "GLP", "num": 312, "phone_code": 590, "name": "Guadeloupe", "continent": "North America"}}, {"model": "user_handler.country", "pk": 90, "fields": {"alpha2": "GU", "alpha3": "GUM", "num": 316, "phone_code": 1871, "name": "Guam", "continent": "Oceania"}}, {"model": "user_handler.country", "pk": 91, "fields": {"alpha2": "GT", "alpha3": "GTM", "num": 320, "phone_code": 502, "name": "Guatemala", "continent": "North America"}}, {"model": "user_handler.country", "pk": 92, "fields": {"alpha2": "GG", "alpha3": "GGY", "num": 831, "phone_code": 44, "name": "Guernsey", "continent": "Europe"}}, {"model": "user_handler.country", "pk": 93, "fields": {"alpha2": "GN", "alpha3": "GIN", "num": 324, "phone_code": 224, "name": "Guinea", "continent": "Africa"}}, {"model": "user_handler.country", "pk": 94, "fields": {"alpha2": "GW", "alpha3": "GNB", "num": 624, "phone_code": 245, "name": "Guinea-bissau", "continent": "Africa"}}, {"model": "user_handler.country", "pk": 95, "fields": {"alpha2": "GY", "alpha3": "GUY", "num": 328, "phone_code": 592, "name": "Guyana", "continent": "South America"}}, {"model": "user_handler.country", "pk": 96, "fields": {"alpha2": "HT", "alpha3": "HTI", "num": 332, "phone_code": 509, "name": "Haiti", "continent": "North America"}}, {"model": "user_handler.country", "pk": 97, "fields": {"alpha2": "HM", "alpha3": "HMD", "num": 334, "phone_code": 672, "name": "Heard Island and Mcdonald Islands", "continent": "Antarctica"}}, {"model": "user_handler.country", "pk": 98, "fields": {"alpha2": "VA", "alpha3": "VAT", "num": 336, "phone_code": 379, "name": "Holy See (Vatican City State)", "continent": "Europe"}}, {"model": "user_handler.country", "pk": 99, "fields": {"alpha2": "HN", "alpha3": "HND", "num": 340, "phone_code": 504, "name": "Honduras", "continent": "North America"}}, {"model": "user_handler.country", "pk": 100, "fields": {"alpha2": "HK", "alpha3": "HKG", "num": 344, "phone_code": 852, "name": "Hong Kong", "continent": "Asia"}}, {"model": "user_handler.country", "pk": 101, "fields": {"alpha2": "HU", "alpha3": "HUN", "num": 348, "phone_code": 36, "name": "Hungary", "continent": "Europe"}}, {"model": "user_handler.country", "pk": 102, "fields": {"alpha2": "IS", "alpha3": "ISL", "num": 352, "phone_code": 354, "name": "Iceland", "continent": "Europe"}}, {"model": "user_handler.country", "pk": 103, "fields": {"alpha2": "IN", "alpha3": "IND", "num": 356, "phone_code": 91, "name": "India", "continent": "Asia"}}, {"model": "user_handler.country", "pk": 104, "fields": {"alpha2": "ID", "alpha3": "IDN", "num": 360, "phone_code": 62, "name": "Indonesia", "continent": "Asia"}}, {"model": "user_handler.country", "pk": 105, "fields": {"alpha2": "IR", "alpha3": "IRN", "num": 364, "phone_code": 98, "name": "Iran", "continent": "Asia"}}, {"model": "user_handler.country", "pk": 106, "fields": {"alpha2": "IQ", "alpha3": "IRQ", "num": 368, "phone_code": 964, "name": "Iraq", "continent": "Asia"}}, {"model": "user_handler.country", "pk": 107, "fields": {"alpha2": "IE", "alpha3": "IRL", "num": 372, "phone_code": 353, "name": "Ireland", "continent": "Europe"}}, {"model": "user_handler.country", "pk": 108, "fields": {"alpha2": "IM", "alpha3": "IMN", "num": 833, "phone_code": 44, "name": "Isle of Man", "continent": "Europe"}}, {"model": "user_handler.country", "pk": 109, "fields": {"alpha2": "IL", "alpha3": "ISR", "num": 376, "phone_code": 972, "name": "Israel", "continent": "Asia"}}, {"model": "user_handler.country", "pk": 110, "fields": {"alpha2": "IT", "alpha3": "ITA", "num": 380, "phone_code": 39, "name": "Italy", "continent": "Europe"}}, {"model": "user_handler.country", "pk": 111, "fields": {"alpha2": "JM", "alpha3": "JAM", "num": 388, "phone_code": 1876, "name": "Jamaica", "continent": "North America"}}, {"model": "user_handler.country", "pk": 112, "fields": {"alpha2": "JP", "alpha3": "JPN", "num": 392, "phone_code": 81, "name": "Japan", "continent": "Asia"}}, {"model": "user_handler.country", "pk": 113, "fields": {"alpha2": "JE", "alpha3": "JEY", "num": 832, "phone_code": 44, "name": "Jersey", "continent": "Europe"}}, {"model": "user_handler.country", "pk": 114, "fields": {"alpha2": "JO", "alpha3": "JOR", "num": 400, "phone_code": 962, "name": "Jordan", "continent": "Asia"}}, {"model": "user_handler.country", "pk": 115, "fields": {"alpha2": "KZ", "alpha3": "KAZ", "num": 398, "phone_code": 7, "name": "Kazakhstan", "continent": "Asia"}}, {"model": "user_handler.country", "pk": 116, "fields": {"alpha2": "KE", "alpha3": "KEN", "num": 404, "phone_code": 254, "name": "Kenya", "continent": "Africa"}}, {"model": "user_handler.country", "pk": 117, "fields": {"alpha2": "KI", "alpha3": "KIR", "num": 296, "phone_code": 686, "name": "Kiribati", "continent": "Oceania"}}, {"model": "user_handler.country", "pk": 118, "fields": {"alpha2": "XK", "alpha3": "KOS", "num": 383, "phone_code": 383, "name": "Kosovo", "continent": "Europe"}}, {"model": "user_handler.country", "pk": 119, "fields": {"alpha2": "KP", "alpha3": "PRK", "num": 408, "phone_code": 850, "name": "Democratic People's Republic of Korea", "continent": "Asia"}}, {"model": "user_handler.country", "pk": 120, "fields": {"alpha2": "KR", "alpha3": "KOR", "num": 410, "phone_code": 82, "name": "Republic of Korea", "continent": "Asia"}}, {"model": "user_handler.country", "pk": 121, "fields": {"alpha2": "KW", "alpha3": "KWT", "num": 414, "phone_code": 965, "name": "Kuwait", "continent": "Asia"}}, {"model": "user_handler.country", "pk": 122, "fields": {"alpha2": "KG", "alpha3": "KGZ", "num": 417, "phone_code": 996, "name": "Kyrgyzstan", "continent": "Asia"}}, {"model": "user_handler.country", "pk": 123, "fields": {"alpha2": "LA", "alpha3": "LAO", "num": 418, "phone_code": 856, "name": "Lao People's Democratic Republic", "continent": "Asia"}}, {"model": "user_handler.country", "pk": 124, "fields": {"alpha2": "LV", "alpha3": "LVA", "num": 428, "phone_code": 371, "name": "Latvia", "continent": "Europe"}}, {"model": "user_handler.country", "pk": 125, "fields": {"alpha2": "LB", "alpha3": "LBN", "num": 422, "phone_code": 961, "name": "Lebanon", "continent": "Asia"}}, {"model": "user_handler.country", "pk": 126, "fields": {"alpha2": "LS", "alpha3": "LSO", "num": 426, "phone_code": 266, "name": "Lesotho", "continent": "Africa"}}, {"model": "user_handler.country", "pk": 127, "fields": {"alpha2": "LR", "alpha3": "LBR", "num": 430, "phone_code": 231, "name": "Liberia", "continent": "Africa"}}, {"model": "user_handler.country", "pk": 128, "fields": {"alpha2": "LY", "alpha3": "LBY", "num": 434, "phone_code": 218, "name": "Libya", "continent": "Africa"}}, {"model": "user_handler.country", "pk": 129, "fields": {"alpha2": "LI", "alpha3": "LIE", "num": 438, "phone_code": 423, "name": "Liechtenstein", "continent": "Europe"}}, {"model": "user_handler.country", "pk": 130, "fields": {"alpha2": "LT", "alpha3": "LTU", "num": 440, "phone_code": 370, "name": "Lithuania", "continent": "Europe"}}, {"model": "user_handler.country", "pk": 131, "fields": {"alpha2": "LU", "alpha3": "LUX", "num": 442, "phone_code": 352, "name": "Luxembourg", "continent": "Europe"}}, {"model": "user_handler.country", "pk": 132, "fields": {"alpha2": "MO", "alpha3": "MAC", "num": 446, "phone_code": 853, "name": "Macao", "continent": "Asia"}}, {"model": "user_handler.country", "pk": 133, "fields": {"alpha2": "MK", "alpha3": "MKD", "num": 807, "phone_code": 389, "name": "Macedonia", "continent": "Europe"}}, {"model": "user_handler.country", "pk": 134, "fields": {"alpha2": "MG", "alpha3": "MDG", "num": 450, "phone_code": 261, "name": "Madagascar", "continent": "Africa"}}, {"model": "user_handler.country", "pk": 135, "fields": {"alpha2": "MW", "alpha3": "MWI", "num": 454, "phone_code": 265, "name": "Malawi", "continent": "Africa"}}, {"model": "user_handler.country", "pk": 136, "fields": {"alpha2": "MY", "alpha3": "MYS", "num": 458, "phone_code": 60, "name": "Malaysia", "continent": "Asia"}}, {"model": "user_handler.country", "pk": 137, "fields": {"alpha2": "MV", "alpha3": "MDV", "num": 462, "phone_code": 960, "name": "Maldives", "continent": "Asia"}}, {"model": "user_handler.country", "pk": 138, "fields": {"alpha2": "ML", "alpha3": "MLI", "num": 466, "phone_code": 223, "name": "Mali", "continent": "Africa"}}, {"model": "user_handler.country", "pk": 139, "fields": {"alpha2": "MT", "alpha3": "MLT", "num": 470, "phone_code": 356, "name": "Malta", "continent": "Europe"}}, {"model": "user_handler.country", "pk": 140, "fields": {"alpha2": "MH", "alpha3": "MHL", "num": 584, "phone_code": 692, "name": "Marshall Islands", "continent": "Oceania"}}, {"model": "user_handler.country", "pk": 141, "fields": {"alpha2": "MQ", "alpha3": "MTQ", "num": 474, "phone_code": 596, "name": "Martinique", "continent": "North America"}}, {"model": "user_handler.country", "pk": 142, "fields": {"alpha2": "MR", "alpha3": "MRT", "num": 478, "phone_code": 222, "name": "Mauritania", "continent": "Africa"}}, {"model": "user_handler.country", "pk": 143, "fields": {"alpha2": "MU", "alpha3": "MUS", "num": 480, "phone_code": 230, "name": "Mauritius", "continent": "Africa"}}, {"model": "user_handler.country", "pk": 144, "fields": {"alpha2": "YT", "alpha3": "MYT", "num": 175, "phone_code": 262, "name": "Mayotte", "continent": "Africa"}}, {"model": "user_handler.country", "pk": 145, "fields": {"alpha2": "MX", "alpha3": "MEX", "num": 484, "phone_code": 52, "name": "Mexico", "continent": "North America"}}, {"model": "user_handler.country", "pk": 146, "fields": {"alpha2": "FM", "alpha3": "FSM", "num": 583, "phone_code": 691, "name": "Micronesia", "continent": "Oceania"}}, {"model": "user_handler.country", "pk": 147, "fields": {"alpha2": "MD", "alpha3": "MDA", "num": 498, "phone_code": 373, "name": "Moldova", "continent": "Europe"}}, {"model": "user_handler.country", "pk": 148, "fields": {"alpha2": "MC", "alpha3": "MCO", "num": 492, "phone_code": 377, "name": "Monaco", "continent": "Europe"}}, {"model": "user_handler.country", "pk": 149, "fields": {"alpha2": "MN", "alpha3": "MNG", "num": 496, "phone_code": 976, "name": "Mongolia", "continent": "Asia"}}, {"model": "user_handler.country", "pk": 150, "fields": {"alpha2": "ME", "alpha3": "MNE", "num": 499, "phone_code": 382, "name": "Montenegro", "continent": "Europe"}}, {"model": "user_handler.country", "pk": 151, "fields": {"alpha2": "MS", "alpha3": "MSR", "num": 500, "phone_code": 1664, "name": "Montserrat", "continent": "North America"}}, {"model": "user_handler.country", "pk": 152, "fields": {"alpha2": "MA", "alpha3": "MAR", "num": 504, "phone_code": 212, "name": "Morocco", "continent": "Africa"}}, {"model": "user_handler.country", "pk": 153, "fields": {"alpha2": "MZ", "alpha3": "MOZ", "num": 508, "phone_code": 258, "name": "Mozambique", "continent": "Africa"}}, {"model": "user_handler.country", "pk": 154, "fields": {"alpha2": "MM", "alpha3": "MMR", "num": 104, "phone_code": 95, "name": "Myanmar", "continent": "Asia"}}, {"model": "user_handler.country", "pk": 155, "fields": {"alpha2": "NA", "alpha3": "NAM", "num": 516, "phone_code": 264, "name": "Namibia", "continent": "Africa"}}, {"model": "user_handler.country", "pk": 156, "fields": {"alpha2": "NR", "alpha3": "NRU", "num": 520, "phone_code": 674, "name": "Nauru", "continent": "Oceania"}}, {"model": "user_handler.country", "pk": 157, "fields": {"alpha2": "NP", "alpha3": "NPL", "num": 524, "phone_code": 977, "name": "Nepal", "continent": "Asia"}}, {"model": "user_handler.country", "pk": 158, "fields": {"alpha2": "NL", "alpha3": "NLD", "num": 528, "phone_code": 31, "name": "Netherlands", "continent": "Europe"}}, {"model": "user_handler.country", "pk": 159, "fields": {"alpha2": "NC", "alpha3": "NCL", "num": 540, "phone_code": 687, "name": "New Caledonia", "continent": "Oceania"}}, {"model": "user_handler.country", "pk": 160, "fields": {"alpha2": "NZ", "alpha3": "NZL", "num": 554, "phone_code": 64, "name": "New Zealand", "continent": "Oceania"}}, {"model": "user_handler.country", "pk": 161, "fields": {"alpha2": "NI", "alpha3": "NIC", "num": 558, "phone_code": 505, "name": "Nicaragua", "continent": "North America"}}, {"model": "user_handler.country", "pk": 162, "fields": {"alpha2": "NE", "alpha3": "NER", "num": 562, "phone_code": 227, "name": "Niger", "continent": "Africa"}}, {"model": "user_handler.country", "pk": 163, "fields": {"alpha2": "NG", "alpha3": "NGA", "num": 566, "phone_code": 234, "name": "Nigeria", "continent": "Africa"}}, {"model": "user_handler.country", "pk": 164, "fields": {"alpha2": "NU", "alpha3": "NIU", "num": 570, "phone_code": 683, "name": "Niue", "continent": "Oceania"}}, {"model": "user_handler.country", "pk": 165, "fields": {"alpha2": "NF", "alpha3": "NFK", "num": 574, "phone_code": 672, "name": "Norfolk Island", "continent": "Oceania"}}, {"model": "user_handler.country", "pk": 166, "fields": {"alpha2": "MP", "alpha3": "MNP", "num": 580, "phone_code": 1670, "name": "Northern Mariana Islands", "continent": "Oceania"}}, {"model": "user_handler.country", "pk": 167, "fields": {"alpha2": "NO", "alpha3": "NOR", "num": 578, "phone_code": 47, "name": "Norway", "continent": "Europe"}}, {"model": "user_handler.country", "pk": 168, "fields": {"alpha2": "OM", "alpha3": "OMN", "num": 512, "phone_code": 968, "name": "Oman", "continent": "Asia"}}, {"model": "user_handler.country", "pk": 169, "fields": {"alpha2": "PK", "alpha3": "PAK", "num": 586, "phone_code": 92, "name": "Pakistan", "continent": "Asia"}}, {"model": "user_handler.country", "pk": 170, "fields": {"alpha2": "PW", "alpha3": "PLW", "num": 585, "phone_code": 680, "name": "Palau", "continent": "Oceania"}}, {"model": "user_handler.country", "pk": 171, "fields": {"alpha2": "PS", "alpha3": "PSE", "num": 275, "phone_code": 970, "name": "Palestinia", "continent": "Asia"}}, {"model": "user_handler.country", "pk": 172, "fields": {"alpha2": "PA", "alpha3": "PAN", "num": 591, "phone_code": 507, "name": "Panama", "continent": "North America"}}, {"model": "user_handler.country", "pk": 173, "fields": {"alpha2": "PG", "alpha3": "PNG", "num": 598, "phone_code": 675, "name": "Papua New Guinea", "continent": "Oceania"}}, {"model": "user_handler.country", "pk": 174, "fields": {"alpha2": "PY", "alpha3": "PRY", "num": 600, "phone_code": 595, "name": "Paraguay", "continent": "South America"}}, {"model": "user_handler.country", "pk": 175, "fields": {"alpha2": "PE", "alpha3": "PER", "num": 604, "phone_code": 51, "name": "Peru", "continent": "South America"}}, {"model": "user_handler.country", "pk": 176, "fields": {"alpha2": "PH", "alpha3": "PHL", "num": 608, "phone_code": 63, "name": "Philippines", "continent": "Asia"}}, {"model": "user_handler.country", "pk": 177, "fields": {"alpha2": "PN", "alpha3": "PCN", "num": 612, "phone_code": 870, "name": "Pitcairn", "continent": "Oceania"}}, {"model": "user_handler.country", "pk": 178, "fields": {"alpha2": "PL", "alpha3": "POL", "num": 616, "phone_code": 48, "name": "Poland", "continent": "Europe"}}, {"model": "user_handler.country", "pk": 179, "fields": {"alpha2": "PT", "alpha3": "PRT", "num": 620, "phone_code": 351, "name": "Portugal", "continent": "Europe"}}, {"model": "user_handler.country", "pk": 180, "fields": {"alpha2": "PR", "alpha3": "PRI", "num": 630, "phone_code": 1, "name": "Puerto Rico", "continent": "North America"}}, {"model": "user_handler.country", "pk": 181, "fields": {"alpha2": "QA", "alpha3": "QAT", "num": 634, "phone_code": 974, "name": "Qatar", "continent": "Asia"}}, {"model": "user_handler.country", "pk": 182, "fields": {"alpha2": "RE", "alpha3": "REU", "num": 638, "phone_code": 262, "name": "Reunion", "continent": "Africa"}}, {"model": "user_handler.country", "pk": 183, "fields": {"alpha2": "RO", "alpha3": "ROU", "num": 642, "phone_code": 40, "name": "Romania", "continent": "Europe"}}, {"model": "user_handler.country", "pk": 184, "fields": {"alpha2": "RU", "alpha3": "RUS", "num": 643, "phone_code": 7, "name": "Russian Federation", "continent": "Europe"}}, {"model": "user_handler.country", "pk": 185, "fields": {"alpha2": "RW", "alpha3": "RWA", "num": 646, "phone_code": 250, "name": "Rwanda", "continent": "Africa"}}, {"model": "user_handler.country", "pk": 186, "fields": {"alpha2": "BL", "alpha3": "BLM", "num": 652, "phone_code": 590, "name": "Saint Barth\u00e9lemy", "continent": "North America"}}, {"model": "user_handler.country", "pk": 187, "fields": {"alpha2": "SH", "alpha3": "SHN", "num": 654, "phone_code": 290, "name": "Saint Helena", "continent": "Africa"}}, {"model": "user_handler.country", "pk": 188, "fields": {"alpha2": "KN", "alpha3": "KNA", "num": 659, "phone_code": 1869, "name": "Saint Kitts and Nevis", "continent": "North America"}}, {"model": "user_handler.country", "pk": 189, "fields": {"alpha2": "LC", "alpha3": "LCA", "num": 662, "phone_code": 1758, "name": "Saint Lucia", "continent": "North America"}}, {"model": "user_handler.country", "pk": 190, "fields": {"alpha2": "MF", "alpha3": "MAF", "num": 663, "phone_code": 590, "name": "Saint Martin", "continent": "North America"}}, {"model": "user_handler.country", "pk": 191, "fields": {"alpha2": "PM", "alpha3": "SPM", "num": 666, "phone_code": 508, "name": "Saint Pierre and Miquelon", "continent": "North America"}}, {"model": "user_handler.country", "pk": 192, "fields": {"alpha2": "VC", "alpha3": "VCT", "num": 670, "phone_code": 1784, "name": "Saint Vincent and The Grenadines", "continent": "North America"}}, {"model": "user_handler.country", "pk": 193, "fields": {"alpha2": "WS", "alpha3": "WSM", "num": 882, "phone_code": 685, "name": "Samoa", "continent": "Oceania"}}, {"model": "user_handler.country", "pk": 194, "fields": {"alpha2": "SM", "alpha3": "SMR", "num": 674, "phone_code": 378, "name": "San Marino", "continent": "Europe"}}, {"model": "user_handler.country", "pk": 195, "fields": {"alpha2": "ST", "alpha3": "STP", "num": 678, "phone_code": 239, "name": "Sao Tome and Principe", "continent": "Africa"}}, {"model": "user_handler.country", "pk": 196, "fields": {"alpha2": "SA", "alpha3": "SAU", "num": 682, "phone_code": 966, "name": "Saudi Arabia", "continent": "Asia"}}, {"model": "user_handler.country", "pk": 197, "fields": {"alpha2": "SN", "alpha3": "SEN", "num": 686, "phone_code": 221, "name": "Senegal", "continent": "Africa"}}, {"model": "user_handler.country", "pk": 198, "fields": {"alpha2": "RS", "alpha3": "SRB", "num": 688, "phone_code": 381, "name": "Serbia", "continent": "Europe"}}, {"model": "user_handler.country", "pk": 199, "fields": {"alpha2": "SC", "alpha3": "SYC", "num": 690, "phone_code": 248, "name": "Seychelles", "continent": "Africa"}}, {"model": "user_handler.country", "pk": 200, "fields": {"alpha2": "SL", "alpha3": "SLE", "num": 694, "phone_code": 232, "name": "Sierra Leone", "continent": "Africa"}}, {"model": "user_handler.country", "pk": 201, "fields": {"alpha2": "SG", "alpha3": "SGP", "num": 702, "phone_code": 65, "name": "Singapore", "continent": "Asia"}}, {"model": "user_handler.country", "pk": 202, "fields": {"alpha2": "SX", "alpha3": "SXM", "num": 534, "phone_code": 1721, "name": "Sint Maarten", "continent": "North America"}}, {"model": "user_handler.country", "pk": 203, "fields": {"alpha2": "SK", "alpha3": "SVK", "num": 703, "phone_code": 421, "name": "Slovakia", "continent": "Europe"}}, {"model": "user_handler.country", "pk": 204, "fields": {"alpha2": "SI", "alpha3": "SVN", "num": 705, "phone_code": 386, "name": "Slovenia", "continent": "Europe"}}, {"model": "user_handler.country", "pk": 205, "fields": {"alpha2": "SB", "alpha3": "SLB", "num": 90, "phone_code": 677, "name": "Solomon Islands", "continent": "Oceania"}}, {"model": "user_handler.country", "pk": 206, "fields": {"alpha2": "SO", "alpha3": "SOM", "num": 706, "phone_code": 252, "name": "Somalia", "continent": "Africa"}}, {"model": "user_handler.country", "pk": 207, "fields": {"alpha2": "ZA", "alpha3": "ZAF", "num": 729, "phone_code": 27, "name": "South Africa", "continent": "Africa"}}, {"model": "user_handler.country", "pk": 208, "fields": {"alpha2": "SS", "alpha3": "SSD", "num": 710, "phone_code": 211, "name": "South Sudan", "continent": "Africa"}}, {"model": "user_handler.country", "pk": 209, "fields": {"alpha2": "GS", "alpha3": "SGS", "num": 239, "phone_code": 500, "name": "South Georgia and The South Sandwich Islands", "continent": "Antarctica"}}, {"model": "user_handler.country", "pk": 210, "fields": {"alpha2": "ES", "alpha3": "ESP", "num": 724, "phone_code": 34, "name": "Spain", "continent": "Europe"}}, {"model": "user_handler.country", "pk": 211, "fields": {"alpha2": "LK", "alpha3": "LKA", "num": 144, "phone_code": 94, "name": "Sri Lanka", "continent": "Asia"}}, {"model": "user_handler.country", "pk": 212, "fields": {"alpha2": "SD", "alpha3": "SDN", "num": 736, "phone_code": 249, "name": "Sudan", "continent": "Africa"}}, {"model": "user_handler.country", "pk": 213, "fields": {"alpha2": "SR", "alpha3": "SUR", "num": 740, "phone_code": 597, "name": "Suriname", "continent": "South America"}}, {"model": "user_handler.country", "pk": 214, "fields": {"alpha2": "SJ", "alpha3": "SJM", "num": 744, "phone_code": 47, "name": "Svalbard and Jan Mayen", "continent": "Europe"}}, {"model": "user_handler.country", "pk": 215, "fields": {"alpha2": "SZ", "alpha3": "SWZ", "num": 748, "phone_code": 268, "name": "Swaziland", "continent": "Africa"}}, {"model": "user_handler.country", "pk": 216, "fields": {"alpha2": "SE", "alpha3": "SWE", "num": 752, "phone_code": 46, "name": "Sweden", "continent": "Europe"}}, {"model": "user_handler.country", "pk": 217, "fields": {"alpha2": "CH", "alpha3": "CHE", "num": 756, "phone_code": 41, "name": "Switzerland", "continent": "Europe"}}, {"model": "user_handler.country", "pk": 218, "fields": {"alpha2": "SY", "alpha3": "SYR", "num": 760, "phone_code": 963, "name": "Syrian Arab Republic", "continent": "Asia"}}, {"model": "user_handler.country", "pk": 219, "fields": {"alpha2": "TW", "alpha3": "TWN", "num": 158, "phone_code": 886, "name": "Taiwan, Province of China", "continent": "Asia"}}, {"model": "user_handler.country", "pk": 220, "fields": {"alpha2": "TJ", "alpha3": "TJK", "num": 762, "phone_code": 992, "name": "Tajikistan", "continent": "Asia"}}, {"model": "user_handler.country", "pk": 221, "fields": {"alpha2": "TZ", "alpha3": "TZA", "num": 834, "phone_code": 255, "name": "Tanzania, United Republic of", "continent": "Africa"}}, {"model": "user_handler.country", "pk": 222, "fields": {"alpha2": "TH", "alpha3": "THA", "num": 764, "phone_code": 66, "name": "Thailand", "continent": "Asia"}}, {"model": "user_handler.country", "pk": 223, "fields": {"alpha2": "TL", "alpha3": "TLS", "num": 626, "phone_code": 670, "name": "Timor-leste", "continent": "Asia"}}, {"model": "user_handler.country", "pk": 224, "fields": {"alpha2": "TG", "alpha3": "TGO", "num": 768, "phone_code": 228, "name": "Togo", "continent": "Africa"}}, {"model": "user_handler.country", "pk": 225, "fields": {"alpha2": "TK", "alpha3": "TKL", "num": 772, "phone_code": 690, "name": "Tokelau", "continent": "Oceania"}}, {"model": "user_handler.country", "pk": 226, "fields": {"alpha2": "TO", "alpha3": "TON", "num": 776, "phone_code": 676, "name": "Tonga", "continent": "Oceania"}}, {"model": "user_handler.country", "pk": 227, "fields": {"alpha2": "TT", "alpha3": "TTO", "num": 780, "phone_code": 1868, "name": "Trinidad and Tobago", "continent": "North America"}}, {"model": "user_handler.country", "pk": 228, "fields": {"alpha2": "TN", "alpha3": "TUN", "num": 788, "phone_code": 216, "name": "Tunisia", "continent": "Africa"}}, {"model": "user_handler.country", "pk": 229, "fields": {"alpha2": "TR", "alpha3": "TUR", "num": 792, "phone_code": 90, "name": "Turkey", "continent": "Asia"}}, {"model": "user_handler.country", "pk": 230, "fields": {"alpha2": "TM", "alpha3": "TKM", "num": 795, "phone_code": 993, "name": "Turkmenistan", "continent": "Asia"}}, {"model": "user_handler.country", "pk": 231, "fields": {"alpha2": "TC", "alpha3": "TCA", "num": 796, "phone_code": 1649, "name": "Turks and Caicos Islands", "continent": "North America"}}, {"model": "user_handler.country", "pk": 232, "fields": {"alpha2": "TV", "alpha3": "TUV", "num": 798, "phone_code": 688, "name": "Tuvalu", "continent": "Oceania"}}, {"model": "user_handler.country", "pk": 233, "fields": {"alpha2": "UG", "alpha3": "UGA", "num": 800, "phone_code": 256, "name": "Uganda", "continent": "Africa"}}, {"model": "user_handler.country", "pk": 234, "fields": {"alpha2": "UA", "alpha3": "UKR", "num": 804, "phone_code": 380, "name": "Ukraine", "continent": "Europe"}}, {"model": "user_handler.country", "pk": 235, "fields": {"alpha2": "AE", "alpha3": "ARE", "num": 784, "phone_code": 971, "name": "United Arab Emirates", "continent": "Asia"}}, {"model": "user_handler.country", "pk": 236, "fields": {"alpha2": "GB", "alpha3": "GBR", "num": 826, "phone_code": 44, "name": "United Kingdom", "continent": "Europe"}}, {"model": "user_handler.country", "pk": 237, "fields": {"alpha2": "US", "alpha3": "USA", "num": 840, "phone_code": 1, "name": "United States", "continent": "North America"}}, {"model": "user_handler.country", "pk": 238, "fields": {"alpha2": "UM", "alpha3": "UMI", "num": 581, "phone_code": 1, "name": "United States Minor Outlying Islands", "continent": "Oceania"}}, {"model": "user_handler.country", "pk": 239, "fields": {"alpha2": "UY", "alpha3": "URY", "num": 858, "phone_code": 598, "name": "Uruguay", "continent": "South America"}}, {"model": "user_handler.country", "pk": 240, "fields": {"alpha2": "UZ", "alpha3": "UZB", "num": 860, "phone_code": 998, "name": "Uzbekistan", "continent": "Asia"}}, {"model": "user_handler.country", "pk": 241, "fields": {"alpha2": "VU", "alpha3": "VUT", "num": 548, "phone_code": 678, "name": "Vanuatu", "continent": "Oceania"}}, {"model": "user_handler.country", "pk": 242, "fields": {"alpha2": "VE", "alpha3": "VEN", "num": 862, "phone_code": 58, "name": "Venezuela", "continent": "South America"}}, {"model": "user_handler.country", "pk": 243, "fields": {"alpha2": "VN", "alpha3": "VNM", "num": 704, "phone_code": 84, "name": "Vietnam", "continent": "Asia"}}, {"model": "user_handler.country", "pk": 244, "fields": {"alpha2": "VG", "alpha3": "VGB", "num": 92, "phone_code": 1284, "name": "Virgin Islands, British", "continent": "North America"}}, {"model": "user_handler.country", "pk": 245, "fields": {"alpha2": "VI", "alpha3": "VIR", "num": 850, "phone_code": 1430, "name": "Virgin Islands, U.S.", "continent": "North America"}}, {"model": "user_handler.country", "pk": 246, "fields": {"alpha2": "WF", "alpha3": "WLF", "num": 876, "phone_code": 681, "name": "Wallis and Futuna", "continent": "Oceania"}}, {"model": "user_handler.country", "pk": 247, "fields": {"alpha2": "EH", "alpha3": "ESH", "num": 732, "phone_code": 212, "name": "Western Sahara", "continent": "Africa"}}, {"model": "user_handler.country", "pk": 248, "fields": {"alpha2": "YE", "alpha3": "YEM", "num": 887, "phone_code": 967, "name": "Yemen", "continent": "Asia"}}, {"model": "user_handler.country", "pk": 249, "fields": {"alpha2": "ZM", "alpha3": "ZMB", "num": 894, "phone_code": 260, "name": "Zambia", "continent": "Africa"}}, {"model": "user_handler.country", "pk": 250, "fields": {"alpha2": "ZW", "alpha3": "ZWE", "num": 716, "phone_code": 263, "name": "Zimbabwe", "continent": "Africa"}}, {"model": "user_handler.vendor", "pk": 1, "fields": {"added_by": 1, "first_name": "Heather", "middle_name": null, "last_name": "Smith", "country": null, "company": null, "email": "anthony33@duke.com", "website": "somefake@gmail.com", "tax_number": "32053661", "phone1": "(873)766-3573", "phone2": "847-113-9839x074", "address": "84803 Rogers Extensions\nWhitefort, MO 38324", "is_active": true, "created_at": "2020-09-15T08:25:48.108Z", "updated_at": "2020-09-15T08:25:48.130Z"}}, {"model": "user_handler.vendor", "pk": 2, "fields": {"added_by": 1, "first_name": "Nathan", "middle_name": null, "last_name": "Gould", "country": null, "company": null, "email": "heather43@schneider-hansen.com", "website": "somefake@gmail.com", "tax_number": "08851956", "phone1": "+1-312-080-9222", "phone2": "001-967-350-4940", "address": "5363 Zamora Grove\nChapmanberg, UT 87969", "is_active": true, "created_at": "2020-09-15T08:25:48.153Z", "updated_at": "2020-09-15T08:25:48.172Z"}}, {"model": "user_handler.vendor", "pk": 3, "fields": {"added_by": 1, "first_name": "Jeffrey", "middle_name": null, "last_name": "Graham", "country": null, "company": null, "email": "martinjonathan@murphy.com", "website": "somefake@gmail.com", "tax_number": "40853383", "phone1": "+1-284-478-5830x51601", "phone2": "733-035-9126", "address": "Unit 8499 Box 0047\nDPO AE 29353", "is_active": true, "created_at": "2020-09-15T08:25:48.192Z", "updated_at": "2020-09-15T08:25:48.208Z"}}, {"model": "user_handler.vendor", "pk": 4, "fields": {"added_by": 1, "first_name": "Leslie", "middle_name": null, "last_name": "Stewart", "country": null, "company": null, "email": "andrewtapia@floyd.biz", "website": "somefake@gmail.com", "tax_number": "70080612", "phone1": "001-626-913-0324", "phone2": "001-678-989-5565x886", "address": "0043 Mark Cliffs Apt. 239\nWest Yvonnemouth, OH 87804", "is_active": true, "created_at": "2020-09-15T08:25:48.224Z", "updated_at": "2020-09-15T08:25:48.243Z"}}, {"model": "user_handler.customercategory", "pk": 1, "fields": {"name": "category_0", "is_active": true}}, {"model": "user_handler.customercategory", "pk": 2, "fields": {"name": "category_1", "is_active": true}}, {"model": "user_handler.customer", "pk": 1, "fields": {"first_name": "Edwin", "middle_name": null, "last_name": "Gallagher", "email": "mchambers@ramos.info", "website": "somefake@gmail.com", "tax_number": "77697523", "phone1": "(958)183-8599x555", "phone2": "783.404.5343", "address": "9941 Rice Corner\nLake James, CT 45699", "category": 2, "country": null, "is_active": true, "created_at": "2020-09-15T08:25:48.262Z", "updated_at": "2020-09-15T08:25:48.279Z"}}, {"model": "user_handler.customer", "pk": 2, "fields": {"first_name": "Raymond", "middle_name": null, "last_name": "Smith", "email": "cunderwood@hansen-carlson.com", "website": "somefake@gmail.com", "tax_number": "41203989", "phone1": "4948223369", "phone2": "365-677-0834", "address": "263 Mark Via\nNorth Donnaville, TX 36735", "category": 2, "country": null, "is_active": true, "created_at": "2020-09-15T08:25:48.295Z", "updated_at": "2020-09-15T08:25:48.312Z"}}, {"model": "user_handler.customer", "pk": 3, "fields": {"first_name": "Monica", "middle_name": null, "last_name": "Graham", "email": "dsmith@yahoo.com", "website": "somefake@gmail.com", "tax_number": "13177416", "phone1": "594-595-7237x1154", "phone2": "(613)251-5922x9110", "address": "2809 Marie Fork Apt. 928\nEast Joelton, MD 88637", "category": 2, "country": null, "is_active": true, "created_at": "2020-09-15T08:25:48.333Z", "updated_at": "2020-09-15T08:25:48.346Z"}}, {"model": "user_handler.customer", "pk": 4, "fields": {"first_name": "Lisa", "middle_name": null, "last_name": "Fisher", "email": "linda14@yahoo.com", "website": "somefake@gmail.com", "tax_number": "67731091", "phone1": "(057)965-4767x97917", "phone2": "206.290.6358x2914", "address": "05288 Blair View\nNorth Hannah, MD 48144", "category": 1, "country": null, "is_active": true, "created_at": "2020-09-15T08:25:48.359Z", "updated_at": "2020-09-15T08:25:48.370Z"}}, {"model": "user_handler.customer", "pk": 5, "fields": {"first_name": "Cristian", "middle_name": null, "last_name": "Kennedy", "email": "margaretweiss@hernandez-morris.com", "website": "somefake@gmail.com", "tax_number": "39682536", "phone1": "992-241-0323", "phone2": "544.889.0905x76578", "address": "733 Smith Row\nWest Willie, DC 71571", "category": 2, "country": null, "is_active": true, "created_at": "2020-09-15T08:25:48.389Z", "updated_at": "2020-09-15T08:25:48.401Z"}}, {"model": "user_handler.customer", "pk": 6, "fields": {"first_name": "Jessica", "middle_name": null, "last_name": "Brooks", "email": "maria29@gmail.com", "website": "somefake@gmail.com", "tax_number": "50470914", "phone1": "554.511.3552x5992", "phone2": "862.974.2796x616", "address": "02778 Watkins Street\nSouth Cody, DC 67483", "category": 1, "country": null, "is_active": true, "created_at": "2020-09-15T08:25:48.423Z", "updated_at": "2020-09-15T08:25:48.434Z"}}, {"model": "user_handler.customer", "pk": 7, "fields": {"first_name": "Michael", "middle_name": null, "last_name": "Frazier", "email": "jeffreysmith@hotmail.com", "website": "somefake@gmail.com", "tax_number": "99464363", "phone1": "001-714-727-4813x7392", "phone2": "9042477622", "address": "805 Pamela Key\nSouth Stephen, KS 23127", "category": 1, "country": null, "is_active": true, "created_at": "2020-09-15T08:25:48.447Z", "updated_at": "2020-09-15T08:25:48.456Z"}}, {"model": "user_handler.customer", "pk": 8, "fields": {"first_name": "Yolanda", "middle_name": null, "last_name": "Duke", "email": "anthony11@yahoo.com", "website": "somefake@gmail.com", "tax_number": "64137490", "phone1": "673-313-7220x74170", "phone2": "(593)950-7470", "address": "859 Bowman Pines Apt. 318\nNew Jenniferside, IN 67268", "category": 2, "country": null, "is_active": true, "created_at": "2020-09-15T08:25:48.467Z", "updated_at": "2020-09-15T08:25:48.478Z"}}, {"model": "user_handler.customer", "pk": 9, "fields": {"first_name": "Kellie", "middle_name": null, "last_name": "Tucker", "email": "hernandezjames@tucker.com", "website": "somefake@gmail.com", "tax_number": "34277096", "phone1": "835-615-5095x5354", "phone2": "2962762570", "address": "PSC 0518, Box 9518\nAPO AA 06644", "category": 2, "country": null, "is_active": true, "created_at": "2020-09-15T08:25:48.496Z", "updated_at": "2020-09-15T08:25:48.509Z"}}, {"model": "user_handler.customer", "pk": 10, "fields": {"first_name": "John", "middle_name": null, "last_name": "Garcia", "email": "bethbrooks@yahoo.com", "website": "somefake@gmail.com", "tax_number": "36539550", "phone1": "001-108-185-3943x788", "phone2": "005-993-4890", "address": "1994 Joseph Mount Suite 111\nNew Nicholas, MD 79039", "category": 1, "country": null, "is_active": true, "created_at": "2020-09-15T08:25:48.523Z", "updated_at": "2020-09-15T08:25:48.533Z"}}, {"model": "user_handler.tax", "pk": 1, "fields": {"name": "Danny", "rate": 4, "tax_type": "normal", "code": " ", "is_active": true, "created_at": "2020-09-15T08:25:48.556Z", "updated_at": "2020-09-15T08:25:48.572Z"}}, {"model": "user_handler.tax", "pk": 2, "fields": {"name": "Paula", "rate": 1, "tax_type": "normal", "code": " ", "is_active": true, "created_at": "2020-09-15T08:25:48.595Z", "updated_at": "2020-09-15T08:25:48.607Z"}}, {"model": "user_handler.tax", "pk": 3, "fields": {"name": "Henry", "rate": 2, "tax_type": "normal", "code": " ", "is_active": true, "created_at": "2020-09-15T08:25:48.624Z", "updated_at": "2020-09-15T08:25:48.639Z"}}, {"model": "user_handler.tax", "pk": 4, "fields": {"name": "Richard", "rate": 39, "tax_type": "normal", "code": " ", "is_active": true, "created_at": "2020-09-15T08:25:48.652Z", "updated_at": "2020-09-15T08:25:48.668Z"}}, {"model": "user_handler.tax", "pk": 5, "fields": {"name": "Curtis", "rate": 34, "tax_type": "normal", "code": " ", "is_active": true, "created_at": "2020-09-15T08:25:48.705Z", "updated_at": "2020-09-15T08:25:48.731Z"}}, {"model": "user_handler.tax", "pk": 6, "fields": {"name": "VAT", "rate": 13, "tax_type": "percent", "code": " ", "is_active": true, "created_at": "2020-09-15T08:25:48.751Z", "updated_at": "2020-09-15T08:25:48.751Z"}}, {"model": "user_handler.discount", "pk": 1, "fields": {"name": "Shawn", "code": "Cole", "discount_type": "percent", "rate": 46, "is_active": true, "created_at": "2020-09-15T08:25:48.770Z", "updated_at": "2020-09-15T08:25:48.787Z"}}, {"model": "user_handler.discount", "pk": 2, "fields": {"name": "Marc", "code": "Ward", "discount_type": "percent", "rate": 18, "is_active": true, "created_at": "2020-09-15T08:25:48.800Z", "updated_at": "2020-09-15T08:25:48.822Z"}}, {"model": "user_handler.discount", "pk": 3, "fields": {"name": "Brandon", "code": "Lopez", "discount_type": "percent", "rate": 2, "is_active": true, "created_at": "2020-09-15T08:25:48.833Z", "updated_at": "2020-09-15T08:25:48.845Z"}}, {"model": "user_handler.discount", "pk": 4, "fields": {"name": "Scott", "code": "Porter", "discount_type": "percent", "rate": 28, "is_active": true, "created_at": "2020-09-15T08:25:48.859Z", "updated_at": "2020-09-15T08:25:48.869Z"}}, {"model": "user_handler.discount", "pk": 5, "fields": {"name": "Stephanie", "code": "Hartman", "discount_type": "percent", "rate": 13, "is_active": true, "created_at": "2020-09-15T08:25:48.884Z", "updated_at": "2020-09-15T08:25:48.897Z"}}, {"model": "user_handler.useractivities", "pk": 1, "fields": {"user": 1, "ip": "127.0.0.1", "log_time": "2020-09-15T08:36:03.169Z", "action": "LOGIN"}}, {"model": "user_handler.useractivities", "pk": 5, "fields": {"user": 1, "ip": "127.0.0.1", "log_time": "2020-09-15T08:39:11.431Z", "action": "LOGIN"}}, {"model": "user_handler.useractivities", "pk": 11, "fields": {"user": 1, "ip": "127.0.0.1", "log_time": "2020-09-15T08:45:22.930Z", "action": "LOGIN"}}, {"model": "user_handler.useractivities", "pk": 15, "fields": {"user": 1, "ip": "127.0.0.1", "log_time": "2020-09-15T08:47:42.051Z", "action": "LOGIN"}}, {"model": "user_handler.useractivities", "pk": 16, "fields": {"user": 1, "ip": "127.0.0.1", "log_time": "2020-09-15T08:47:55.226Z", "action": "LOGIN"}}, {"model": "user_handler.useractivities", "pk": 17, "fields": {"user": 1, "ip": "127.0.0.1", "log_time": "2020-09-15T08:48:15.075Z", "action": "LOGIN"}}, {"model": "user_handler.useractivities", "pk": 18, "fields": {"user": 1, "ip": "127.0.0.1", "log_time": "2020-09-15T08:49:06.549Z", "action": "LOGIN"}}, {"model": "user_handler.useractivities", "pk": 19, "fields": {"user": 1, "ip": "127.0.0.1", "log_time": "2020-09-15T08:49:20.736Z", "action": "LOGIN"}}, {"model": "user_handler.useractivities", "pk": 20, "fields": {"user": 1, "ip": "127.0.0.1", "log_time": "2020-09-15T08:49:57.798Z", "action": "LOGIN"}}, {"model": "user_handler.useractivities", "pk": 23, "fields": {"user": 1, "ip": "127.0.0.1", "log_time": "2020-09-15T08:50:52.590Z", "action": "LOGIN"}}, {"model": "user_handler.useractivities", "pk": 28, "fields": {"user": 1, "ip": "127.0.0.1", "log_time": "2020-09-15T08:52:26.157Z", "action": "LOGIN"}}, {"model": "user_handler.useractivities", "pk": 33, "fields": {"user": 1, "ip": "127.0.0.1", "log_time": "2020-09-15T08:58:00.402Z", "action": "LOGIN"}}, {"model": "user_handler.useractivities", "pk": 34, "fields": {"user": 1, "ip": "127.0.0.1", "log_time": "2020-09-15T08:58:18.352Z", "action": "LOGIN"}}, {"model": "user_handler.useractivities", "pk": 35, "fields": {"user": 1, "ip": "127.0.0.1", "log_time": "2020-09-15T10:14:52.648Z", "action": "LOGIN"}}, {"model": "user_handler.useractivities", "pk": 38, "fields": {"user": 1, "ip": "127.0.0.1", "log_time": "2020-09-15T10:18:55.900Z", "action": "LOGIN"}}, {"model": "user_handler.setting", "pk": 1, "fields": {"default_weight_unit": "kg", "company": "Mandala IT", "company_address": "", "branch": "Pokhara", "branch_code": "PKR", "pan_number": "", "manufacturer": "Mandala IT Solutions", "distributor": "Mandala IT Solutions", "contact": "+(977)9846785856", "manufacturer_address": "Pokhara, Lakeside", "manufacturer_website": "https://mandalaitsolutions.com/", "change_fisal_year": "2020-09-15T08:25:48.032Z", "stock_low_notification_on": 10, "is_active": true, "created_at": "2020-09-15T08:25:48.044Z", "updated_at": "2020-09-15T08:25:48.044Z", "ird_username": "Test_CBMS", "ird_password": "test@321"}}, {"model": "user_handler.notificationsetting", "pk": 1, "fields": {"model": "item", "roles_to_get_notified": []}}, {"model": "user_handler.notificationsetting", "pk": 2, "fields": {"model": "purchase_order", "roles_to_get_notified": []}}, {"model": "user_handler.notificationsetting", "pk": 3, "fields": {"model": "invoice", "roles_to_get_notified": []}}, {"model": "user_handler.notification", "pk": 35, "fields": {"msg": "Christian stock is low. Stock : 0", "object_id": "1", "model": "item", "read": false, "date": "2020-09-15T10:18:37.301Z", "created_at": "2020-09-15T10:18:37.302Z", "updated_at": "2020-09-15T10:18:37.302Z"}}, {"model": "user_handler.notification", "pk": 36, "fields": {"msg": "Noah stock is low. Stock : 0", "object_id": "2", "model": "item", "read": false, "date": "2020-09-15T10:18:37.308Z", "created_at": "2020-09-15T10:18:37.308Z", "updated_at": "2020-09-15T10:18:37.308Z"}}, {"model": "user_handler.activitylog", "pk": 3, "fields": {"model": "user/backup/create", "action": "create", "object_id": 0, "object_str": "0", "change": "{}", "user": 1, "date": "2020-09-15T08:47:55.410Z"}}, {"model": "user_handler.activitylog", "pk": 4, "fields": {"model": "user/backup/create", "action": "create", "object_id": 0, "object_str": "0", "change": "{}", "user": 1, "date": "2020-09-15T08:49:06.753Z"}}, {"model": "user_handler.activitylog", "pk": 9, "fields": {"model": "user/backup/create", "action": "create", "object_id": 0, "object_str": "0", "change": "{}", "user": 1, "date": "2020-09-15T08:58:01.378Z"}}]