[{"model": "user_handler.custompermission", "pk": 1, "fields": {"name": "super_role", "generate_balance_sheet_statement": true, "generate_profit_loss_statement": true, "create_free_entry": true, "get_ledger_entry_details": true, "add_new_ledger_entry": true, "get_multiple_ledger_entries": true, "get_multiple_account_types": true, "update_account": true, "delete_accounts": true, "get_account_details": true, "add_new_account": true, "get_multiple_accounts": true, "get_payments": true, "update_payment": true, "delete_payment": true, "create_payment": true, "get_gift_card_categories": true, "apply_payment": true, "get_payment_methods": true, "add_new_gift_cards": true, "update_gift_card": true, "delete_unique_cards": true, "validate_gift_card": true, "delete_gift_cards": true, "get_gift_card_details": true, "get_multiple_gift_cards": true, "get_current_user": true, "s_user": true, "users": true, "user_creation": true, "user_logout": true, "update_purchase_item": true, "get_purchase_item_details": true, "delete_purchase_items": true, "add_new_purchase_item": true, "get_mulitple_purchase_items": true, "export_inventory": true, "get_placements": true, "assign_place": true, "get_single_place": true, "delete_places": true, "update_place": true, "add_new_place": true, "get_multiple_places": true, "update_item_category": true, "delete_item_catagories": true, "get_item_catagory_details": true, "add_new_item_catagory": true, "get_multiple_item_catagories": true, "delete_items": true, "update_item": true, "get_item_details": true, "add_new_item": true, "get_multiple_items": true, "get_vendor_details": true, "update_vendor": true, "delete_vendors": true, "add_new_vendor": true, "get_multiple_vendors": true, "delete_purchase_orders": true, "update_purchase_order": true, "get_purchase_order_details": true, "add_new_purchase_order": true, "get_multiple_purchase_orders": true, "purchase_order_statuss": true, "export_sales_data": true, "add_new_tax": true, "update_tax": true, "delete_taxes": true, "get_tax_details": true, "get_multiple_taxes": true, "add_new_discount": true, "update_discount": true, "delete_discount": true, "get_discount_details": true, "get_multiple_discounts": true, "add_new_invoice_item": true, "update_invoice_item": true, "delete_invoice_items": true, "get_invoice_details": true, "get_multiple_invoices": true, "get_customer_category": true, "add_customer_categories": true, "delete_customer_categories": true, "update_customer_categories": true, "add_new_customer": true, "get_customer_details": true, "get_customer_categories": true, "delete_customers": true, "update_customer": true, "get_multiple_customers": true, "add_new_invoice": true, "update_invoice": true, "delete_invoices": true}}, {"model": "user_handler.customuserbase", "pk": 1, "fields": {"password": "pbkdf2_sha256$180000$mTJZuqvYxxpu$Ub0xOfZqTH7DOuQwGS2cn9WnJowm8e2j04B6iirAmG0=", "last_login": "2020-06-25T16:28:03.402Z", "is_superuser": true, "username": "admin", "first_name": "", "last_name": "", "email": "", "is_staff": true, "date_joined": "2020-06-25T16:22:35.662Z", "is_active": true, "is_destroyed": false, "uuid": "a9756bca-9dc9-423d-87aa-15bc10e5b016", "role": 1, "groups": [], "user_permissions": []}}, {"model": "user_handler.customuserbase", "pk": 2, "fields": {"password": "pbkdf2_sha256$180000$UgZH0AZMPgXK$eRcEKed2ToaOZfXT2mVjXDt4dkYc2+3TBeHFxjzKeco=", "last_login": null, "is_superuser": false, "username": "Steele", "first_name": "Steele", "last_name": "Chavez", "email": "jenniferjohnson@lopez.com", "is_staff": false, "date_joined": "2020-06-25T16:22:38.127Z", "is_active": true, "is_destroyed": false, "uuid": "ac42f97d-c3f8-451e-a961-1e34b2787769", "role": 1, "groups": [], "user_permissions": []}}, {"model": "user_handler.customuserbase", "pk": 3, "fields": {"password": "pbkdf2_sha256$180000$juRViJf0yKby$dt8z+eimZbpwwL5PkV0QQtlWwXhrj8boCNiSeDAGnXE=", "last_login": null, "is_superuser": false, "username": "Haas", "first_name": "Haas", "last_name": "Chen", "email": "kristin66@fernandez.org", "is_staff": false, "date_joined": "2020-06-25T16:22:38.403Z", "is_active": true, "is_destroyed": false, "uuid": "4549a0b1-0350-41e2-bcdc-fa7b6ad5f299", "role": 1, "groups": [], "user_permissions": []}}, {"model": "user_handler.vendor", "pk": 1, "fields": {"added_by": 1, "first_name": "Kimberly", "middle_name": null, "last_name": "Price", "email": "jake48@jones.com", "website": "somefake@gmail.com", "tax_number": "90745379", "phone1": "084-803-5830x207", "phone2": "4538048564", "address": "8508 Fox Ridges Suite 953\nNorth Aaronville, DC 90746", "is_active": true}}, {"model": "user_handler.vendor", "pk": 2, "fields": {"added_by": 2, "first_name": "Bridget", "middle_name": null, "last_name": "Tucker", "email": "dking@wood.com", "website": "somefake@gmail.com", "tax_number": "36364923", "phone1": "371.365.2312x040", "phone2": "580-944-0853x382", "address": "8583 Smith Shoals Suite 160\nHernandezside, ID 05969", "is_active": true}}, {"model": "user_handler.vendor", "pk": 3, "fields": {"added_by": 1, "first_name": "Linda", "middle_name": null, "last_name": "Ashley", "email": "rasmussenwilliam@yahoo.com", "website": "somefake@gmail.com", "tax_number": "00470339", "phone1": "567.250.9297", "phone2": "700.806.1626x9130", "address": "USS Campbell\nFPO AA 97848", "is_active": true}}, {"model": "user_handler.vendor", "pk": 4, "fields": {"added_by": 1, "first_name": "Tiffany", "middle_name": null, "last_name": "Arnold", "email": "stephanie55@yahoo.com", "website": "somefake@gmail.com", "tax_number": "88650043", "phone1": "(152)104-2391", "phone2": "+1-712-016-6439x73288", "address": "697 Stephen Plaza\nGabrielahaven, LA 82277", "is_active": true}}, {"model": "user_handler.customercategory", "pk": 1, "fields": {"name": "category_0", "is_active": true}}, {"model": "user_handler.customercategory", "pk": 2, "fields": {"name": "category_1", "is_active": true}}, {"model": "user_handler.customer", "pk": 1, "fields": {"first_name": "Michael", "middle_name": null, "last_name": "Flores", "email": "nicoleking@sanchez.com", "website": "somefake@gmail.com", "tax_number": "52189944", "phone1": "8194238023", "phone2": "200-524-8098x693", "address": "20398 Joan Pike Suite 233\nBrookefurt, TN 56139", "category": 2, "is_active": true}}, {"model": "user_handler.customer", "pk": 2, "fields": {"first_name": "Karina", "middle_name": null, "last_name": "Bailey", "email": "shanefrancis@hotmail.com", "website": "somefake@gmail.com", "tax_number": "34344729", "phone1": "+1-365-100-6639x751", "phone2": "060.350.1186", "address": "1774 Jones Squares Suite 945\nMichaelstad, OR 25949", "category": 1, "is_active": true}}, {"model": "user_handler.customer", "pk": 3, "fields": {"first_name": "Timothy", "middle_name": null, "last_name": "Wilson", "email": "reneebarker@schaefer.com", "website": "somefake@gmail.com", "tax_number": "22911094", "phone1": "280.914.2039x281", "phone2": "001-351-846-9460x0314", "address": "731 Barrera Neck Suite 579\nWest Patrick, UT 74632", "category": 2, "is_active": true}}, {"model": "user_handler.customer", "pk": 4, "fields": {"first_name": "Michelle", "middle_name": null, "last_name": "Chung", "email": "parrishoscar@hotmail.com", "website": "somefake@gmail.com", "tax_number": "06358297", "phone1": "2543505288", "phone2": "491.240.6551x79457", "address": "USS Jones\nFPO AA 23374", "category": 1, "is_active": true}}, {"model": "user_handler.customer", "pk": 5, "fields": {"first_name": "Marcus", "middle_name": null, "last_name": "Ellis", "email": "dawn82@anderson-carpenter.com", "website": "somefake@gmail.com", "tax_number": "24103237", "phone1": "544.889.0905x76578", "phone2": "+1-375-733-6075x4628", "address": "8250 Rivas Skyway\nCarpenterland, SD 05612", "category": 1, "is_active": true}}, {"model": "user_handler.customer", "pk": 6, "fields": {"first_name": "Jonathan", "middle_name": null, "last_name": "Brown", "email": "mark54@yahoo.com", "website": "somefake@gmail.com", "tax_number": "13552596", "phone1": "298.862.9742x796", "phone2": "160-520-2778x09451", "address": "258 Erin Port\nEast Alan, NJ 99102", "category": 2, "is_active": true}}, {"model": "user_handler.customer", "pk": 7, "fields": {"first_name": "Larry", "middle_name": null, "last_name": "Cruz", "email": "qmarshall@schmitt.com", "website": "somefake@gmail.com", "tax_number": "73920397", "phone1": "424.776.2212x2638", "phone2": "7569767375", "address": "080 Nicole Points Suite 656\nToddberg, NM 51185", "category": 1, "is_active": true}}, {"model": "user_handler.customer", "pk": 8, "fields": {"first_name": "Robert", "middle_name": null, "last_name": "Stevens", "email": "iharris@smith.com", "website": "somefake@gmail.com", "tax_number": "39593955", "phone1": "4706748592", "phone2": "946.031.8319x38049", "address": "1502 Shane Meadow Suite 272\nGreenport, MD 72919", "category": 2, "is_active": true}}, {"model": "user_handler.customer", "pk": 9, "fields": {"first_name": "Jay", "middle_name": null, "last_name": "Hamilton", "email": "brianpatton@mathis.com", "website": "somefake@gmail.com", "tax_number": "54072961", "phone1": "(762)570-0518", "phone2": "185.403.1557x926", "address": "5395 Justin Port\nConnieborough, NM 25791", "category": 2, "is_active": true}}, {"model": "user_handler.customer", "pk": 10, "fields": {"first_name": "Jill", "middle_name": null, "last_name": "Skinner", "email": "librandon@yahoo.com", "website": "somefake@gmail.com", "tax_number": "93489034", "phone1": "601.994.7088x1114", "phone2": "+1-269-969-1826x6197", "address": "027 Cox Pines\nNew Kristinside, ID 83737", "category": 1, "is_active": true}}, {"model": "user_handler.tax", "pk": 1, "fields": {"name": "Noah", "rate": 45, "tax_type": "normal", "code": " ", "is_active": true}}, {"model": "user_handler.tax", "pk": 2, "fields": {"name": "Nicole", "rate": 20, "tax_type": "normal", "code": " ", "is_active": true}}, {"model": "user_handler.tax", "pk": 3, "fields": {"name": "Daniel", "rate": 35, "tax_type": "normal", "code": " ", "is_active": true}}, {"model": "user_handler.tax", "pk": 4, "fields": {"name": "Cheryl", "rate": 27, "tax_type": "normal", "code": " ", "is_active": true}}, {"model": "user_handler.tax", "pk": 5, "fields": {"name": "Jessica", "rate": 48, "tax_type": "normal", "code": " ", "is_active": true}}, {"model": "user_handler.discount", "pk": 1, "fields": {"name": "James", "code": "Hines", "discount_type": "percent", "rate": 17, "is_active": true}}, {"model": "user_handler.discount", "pk": 2, "fields": {"name": "Emily", "code": "Rice", "discount_type": "percent", "rate": 20, "is_active": true}}, {"model": "user_handler.discount", "pk": 3, "fields": {"name": "Randy", "code": "Deleon", "discount_type": "percent", "rate": 13, "is_active": true}}, {"model": "user_handler.discount", "pk": 4, "fields": {"name": "Brandon", "code": "Mosley", "discount_type": "percent", "rate": 42, "is_active": true}}, {"model": "user_handler.discount", "pk": 5, "fields": {"name": "Jonathan", "code": "Bailey", "discount_type": "percent", "rate": 25, "is_active": true}}, {"model": "inventory.purchaseorderstatus", "pk": 1, "fields": {"name": "Completed", "is_end": true, "is_active": true}}, {"model": "inventory.purchaseorderstatus", "pk": 2, "fields": {"name": "Draft", "is_end": false, "is_active": true}}, {"model": "inventory.purchaseorderstatus", "pk": 3, "fields": {"name": "Processing", "is_end": false, "is_active": true}}, {"model": "inventory.itemcatagory", "pk": 1, "fields": {"parent": null, "name": "John", "is_active": true}}, {"model": "inventory.itemcatagory", "pk": 2, "fields": {"parent": null, "name": "Ricky", "is_active": true}}, {"model": "inventory.itemcatagory", "pk": 3, "fields": {"parent": null, "name": "Brittany", "is_active": true}}, {"model": "inventory.itemcatagory", "pk": 4, "fields": {"parent": null, "name": "Jennifer", "is_active": true}}, {"model": "inventory.item", "pk": 1, "fields": {"name": "Tara", "description": null, "weight": null, "average_cost_price": 0.0, "product_image": "", "thumbnail_image": "", "is_active": true, "catagory": 1, "stock": 0, "sales_price": 9.0, "sold": 0}}, {"model": "inventory.item", "pk": 2, "fields": {"name": "William", "description": null, "weight": null, "average_cost_price": 0.0, "product_image": "", "thumbnail_image": "", "is_active": true, "catagory": 2, "stock": 0, "sales_price": 1.0, "sold": 0}}, {"model": "inventory.item", "pk": 3, "fields": {"name": "Barbara", "description": null, "weight": null, "average_cost_price": 0.0, "product_image": "", "thumbnail_image": "", "is_active": true, "catagory": 4, "stock": 0, "sales_price": 448992.0, "sold": 0}}, {"model": "inventory.item", "pk": 4, "fields": {"name": "Jacob", "description": null, "weight": null, "average_cost_price": 0.0, "product_image": "", "thumbnail_image": "", "is_active": true, "catagory": 4, "stock": 0, "sales_price": 8493.0, "sold": 0}}, {"model": "inventory.item", "pk": 5, "fields": {"name": "Cindy", "description": null, "weight": null, "average_cost_price": 0.0, "product_image": "", "thumbnail_image": "", "is_active": true, "catagory": 3, "stock": 0, "sales_price": 454589.0, "sold": 0}}, {"model": "inventory.item", "pk": 6, "fields": {"name": "Calvin", "description": null, "weight": null, "average_cost_price": 0.0, "product_image": "", "thumbnail_image": "", "is_active": true, "catagory": 1, "stock": 0, "sales_price": 44865.0, "sold": 0}}, {"model": "inventory.item", "pk": 7, "fields": {"name": "Melissa", "description": null, "weight": null, "average_cost_price": 0.0, "product_image": "", "thumbnail_image": "", "is_active": true, "catagory": 4, "stock": 0, "sales_price": 60964.0, "sold": 0}}, {"model": "inventory.item", "pk": 8, "fields": {"name": "Julia", "description": null, "weight": null, "average_cost_price": 0.0, "product_image": "", "thumbnail_image": "", "is_active": true, "catagory": 3, "stock": 0, "sales_price": 8395.0, "sold": 0}}, {"model": "sales.invoicestatus", "pk": 1, "fields": {"name": "Draft", "is_sold": false, "is_active": true}}, {"model": "sales.invoicestatus", "pk": 2, "fields": {"name": "Done", "is_sold": false, "is_active": true}}, {"model": "payment.paymentmethod", "pk": 1, "fields": {"name": "credit", "header": "credit", "is_active": true}}, {"model": "payment.paymentmethod", "pk": 2, "fields": {"name": "pre-paid", "header": "pre-paid", "is_active": true}}, {"model": "payment.paymentmethod", "pk": 3, "fields": {"name": "cash", "header": "cash", "is_active": true}}, {"model": "payment.paymentmethod", "pk": 4, "fields": {"name": "transfer", "header": "transfer", "is_active": true}}, {"model": "payment.paymentmethod", "pk": 5, "fields": {"name": "bank", "header": "bank", "is_active": true}}, {"model": "payment.payment", "pk": 1, "fields": {"invoice": null, "purchase_order": null, "amount": 2500.0, "method": 3, "transaction_from": null, "transaction_id": null, "bank_name": null, "remarks": null, "refunded": false, "is_active": true}}, {"model": "payment.payment", "pk": 2, "fields": {"invoice": null, "purchase_order": null, "amount": 1000.0, "method": 1, "transaction_from": "", "transaction_id": "", "bank_name": "", "remarks": "", "refunded": false, "is_active": true}}, {"model": "payment.payment", "pk": 3, "fields": {"invoice": null, "purchase_order": null, "amount": 1000.0, "method": 1, "transaction_from": "", "transaction_id": "", "bank_name": "", "remarks": "", "refunded": false, "is_active": true}}, {"model": "payment.payment", "pk": 4, "fields": {"invoice": null, "purchase_order": null, "amount": 1000.0, "method": 1, "transaction_from": "", "transaction_id": "", "bank_name": "", "remarks": "", "refunded": false, "is_active": true}}, {"model": "payment.payment", "pk": 5, "fields": {"invoice": null, "purchase_order": null, "amount": 1000.0, "method": 1, "transaction_from": "", "transaction_id": "", "bank_name": "", "remarks": "", "refunded": false, "is_active": true}}, {"model": "accounting.accounttype", "pk": 1, "fields": {"name": "Customer", "header": "revenue", "is_active": true}}, {"model": "accounting.accounttype", "pk": 2, "fields": {"name": "Vendor", "header": "assets", "is_active": true}}, {"model": "accounting.accounttype", "pk": 3, "fields": {"name": "Mandala Inventory", "header": "assets", "is_active": true}}, {"model": "accounting.accounttype", "pk": 4, "fields": {"name": "Mandala Purchase Expense", "header": "assets", "is_active": true}}, {"model": "accounting.accounttype", "pk": 6, "fields": {"name": "Revenue", "header": "revenue", "is_active": true}}, {"model": "accounting.accounttype", "pk": 7, "fields": {"name": "Assets", "header": "assets", "is_active": true}}, {"model": "accounting.accounttype", "pk": 8, "fields": {"name": "Expense", "header": "expense", "is_active": true}}, {"model": "accounting.accounttype", "pk": 9, "fields": {"name": "Liablities", "header": "liabilities", "is_active": true}}, {"model": "accounting.account", "pk": 4, "fields": {"uuid": "7457f8a3-b3f5-4dea-aa29-fdcabca7566c", "account_type": 1, "name": "Customer One Michal", "opening_balance": 0.0, "closing_balance": 0.0, "opening_date": "2020-06-21T11:27:16Z", "closing_date": null, "current_amount": 3500.0, "parent": null, "customer": 1, "vendor": null, "is_active": true, "is_closed": false, "created_at": "2020-06-21T11:27:23.474Z", "updated_at": "2020-06-25T16:30:52.622Z"}}, {"model": "accounting.account", "pk": 5, "fields": {"uuid": "5ee53d2d-6810-4688-aca8-dd5c86319e35", "account_type": 2, "name": "Vendor one Kimberly", "opening_balance": 0.0, "closing_balance": 0.0, "opening_date": "2020-06-21T11:27:45Z", "closing_date": null, "current_amount": 0.0, "parent": null, "customer": null, "vendor": 1, "is_active": true, "is_closed": false, "created_at": "2020-06-21T11:27:55.216Z", "updated_at": "2020-06-21T11:27:55.216Z"}}, {"model": "accounting.account", "pk": 6, "fields": {"uuid": "47ba1b51-a64d-4d5a-b488-306ac0c861b6", "account_type": 3, "name": "Mandala's Books  in cash value", "opening_balance": 0.0, "closing_balance": 0.0, "opening_date": "2020-06-21T11:28:26Z", "closing_date": "2020-06-21T11:28:28Z", "current_amount": 0.0, "parent": null, "customer": null, "vendor": null, "is_active": true, "is_closed": false, "created_at": "2020-06-21T11:28:36.406Z", "updated_at": "2020-06-21T11:28:36.406Z"}}, {"model": "accounting.account", "pk": 7, "fields": {"uuid": "df44354a-d2e5-4b21-ac4f-e456d5c2aea1", "account_type": 4, "name": "bank account for purchase", "opening_balance": 0.0, "closing_balance": 0.0, "opening_date": "2020-06-21T11:28:56Z", "closing_date": null, "current_amount": 0.0, "parent": null, "customer": null, "vendor": null, "is_active": true, "is_closed": false, "created_at": "2020-06-21T11:28:58.074Z", "updated_at": "2020-06-21T11:28:58.074Z"}}, {"model": "accounting.account", "pk": 8, "fields": {"uuid": "b5ba6cb5-0cb7-468c-a5a5-7f1d03031d23", "account_type": 6, "name": "Sales", "opening_balance": 0.0, "closing_balance": 0.0, "opening_date": "2020-06-25T16:30:17.849Z", "closing_date": null, "current_amount": 2000.0, "parent": null, "customer": null, "vendor": null, "is_active": true, "is_closed": false, "created_at": "2020-06-25T16:30:39.509Z", "updated_at": "2020-06-25T18:18:58.933Z"}}, {"model": "accounting.account", "pk": 9, "fields": {"uuid": "b7ce9590-8ad4-44d7-80b7-25bf79090f4c", "account_type": 7, "name": "Cash", "opening_balance": 0.0, "closing_balance": 0.0, "opening_date": "2020-06-25T18:15:35.507Z", "closing_date": null, "current_amount": 0.0, "parent": null, "customer": null, "vendor": null, "is_active": true, "is_closed": false, "created_at": "2020-06-25T18:15:48.895Z", "updated_at": "2020-06-25T18:15:48.899Z"}}, {"model": "accounting.account", "pk": 10, "fields": {"uuid": "179e4cca-e0c3-4784-afd9-1de67622d7c1", "account_type": 7, "name": "Bank", "opening_balance": 0.0, "closing_balance": 0.0, "opening_date": "2020-06-25T18:15:53.873Z", "closing_date": null, "current_amount": 0.0, "parent": null, "customer": null, "vendor": null, "is_active": true, "is_closed": false, "created_at": "2020-06-25T18:16:04.786Z", "updated_at": "2020-06-25T18:16:04.789Z"}}, {"model": "accounting.account", "pk": 11, "fields": {"uuid": "c7f61f0f-91f1-483a-8b9c-bbcd5a39843b", "account_type": 8, "name": "Purchase Account", "opening_balance": 0.0, "closing_balance": 0.0, "opening_date": "2020-06-25T18:16:30.650Z", "closing_date": null, "current_amount": 0.0, "parent": null, "customer": null, "vendor": null, "is_active": true, "is_closed": false, "created_at": "2020-06-25T18:16:49.062Z", "updated_at": "2020-06-25T18:16:49.065Z"}}, {"model": "accounting.account", "pk": 12, "fields": {"uuid": "4bc093f7-77a9-4da9-9c04-3bf54b511091", "account_type": 7, "name": "Karina Customer", "opening_balance": 0.0, "closing_balance": 0.0, "opening_date": "2020-06-25T18:17:41.514Z", "closing_date": null, "current_amount": 1000.0, "parent": null, "customer": 2, "vendor": null, "is_active": true, "is_closed": false, "created_at": "2020-06-25T18:18:11.282Z", "updated_at": "2020-06-25T18:18:58.916Z"}}, {"model": "accounting.ledgerentry", "pk": 1, "fields": {"payment": 1, "account": 4, "remarks": "", "date": "2020-06-25", "is_add": true, "bundle_id": null, "created_at": "2020-06-25T16:23:15.362Z", "updated_at": "2020-06-25T16:23:15.362Z", "is_active": true}}, {"model": "accounting.ledgerentry", "pk": 2, "fields": {"payment": 2, "account": 4, "remarks": "", "date": "2020-06-25", "is_add": true, "bundle_id": "75867d07-8622-44ab-a406-4b2994249cc3", "created_at": "2020-06-25T16:30:52.618Z", "updated_at": "2020-06-25T16:30:52.618Z", "is_active": true}}, {"model": "accounting.ledgerentry", "pk": 3, "fields": {"payment": 3, "account": 8, "remarks": "", "date": "2020-06-25", "is_add": true, "bundle_id": "75867d07-8622-44ab-a406-4b2994249cc3", "created_at": "2020-06-25T16:30:52.636Z", "updated_at": "2020-06-25T16:30:52.636Z", "is_active": true}}, {"model": "accounting.ledgerentry", "pk": 4, "fields": {"payment": 4, "account": 12, "remarks": "", "date": "2020-06-25", "is_add": true, "bundle_id": "971b5a95-50f1-497e-987d-98d0ee0245b6", "created_at": "2020-06-25T18:18:58.911Z", "updated_at": "2020-06-25T18:18:58.911Z", "is_active": true}}, {"model": "accounting.ledgerentry", "pk": 5, "fields": {"payment": 5, "account": 8, "remarks": "", "date": "2020-06-25", "is_add": true, "bundle_id": "971b5a95-50f1-497e-987d-98d0ee0245b6", "created_at": "2020-06-25T18:18:58.931Z", "updated_at": "2020-06-25T18:18:58.931Z", "is_active": true}}, {"model": "accounting.monthlystats", "pk": 1, "fields": {"total_assets": 1000.0, "total_liabilities": 0.0, "total_revenue": 5500.0, "total_expense": 0.0, "total_draw": 0.0, "total_equity": 0.0, "profit": 5500.0, "date": "2020-06-25T00:00:00Z", "is_active": true, "created_at": "2020-06-25T16:23:15.373Z", "updated_at": "2020-06-25T18:18:58.942Z"}}, {"model": "accounting.accountingsettings", "pk": 1, "fields": {"default_purchase_account_on_cash": 7, "default_purchase_action_on_cash_is_add": true, "default_purchase_account_on_credit": 7, "default_purchase_action_on_credit_is_add": true, "default_purchase_account_on_bank": 7, "default_purchase_action_on_bank_is_add": true, "default_purchase_account_on_transfer": 7, "default_purchase_action_on_transfer_is_add": true, "default_purchase_account_on_pre_paid": 7, "default_purchase_action_on_pre_paid_is_add": true, "default_invoice_account_on_cash": 6, "default_invoice_action_on_cash_is_add": false, "default_invoice_account_on_credit": 6, "default_invoice_action_on_credit_is_add": false, "default_invoice_account_on_bank": 6, "default_invoice_action_on_bank_is_add": false, "default_invoice_account_on_transfer": 6, "default_invoice_action_on_transfer_is_add": false, "default_invoice_account_on_pre_paid": 6, "default_invoice_action_on_pre_paid_is_add": false, "is_active": true}}]