[{"model": "accounting.accounttype", "pk": 1, "fields": {"name": "assets", "header": "assets", "created_at": "2020-09-15T10:21:13.670Z", "updated_at": "2020-09-15T10:21:13.670Z", "is_active": true}}, {"model": "accounting.accounttype", "pk": 2, "fields": {"name": "expense", "header": "expense", "created_at": "2020-09-15T10:21:13.685Z", "updated_at": "2020-09-15T10:21:13.685Z", "is_active": true}}, {"model": "accounting.accounttype", "pk": 3, "fields": {"name": "draw", "header": "draw", "created_at": "2020-09-15T10:21:13.696Z", "updated_at": "2020-09-15T10:21:13.696Z", "is_active": true}}, {"model": "accounting.accounttype", "pk": 4, "fields": {"name": "liabilities", "header": "liabilities", "created_at": "2020-09-15T10:21:13.705Z", "updated_at": "2020-09-15T10:21:13.705Z", "is_active": true}}, {"model": "accounting.accounttype", "pk": 5, "fields": {"name": "revenue", "header": "revenue", "created_at": "2020-09-15T10:21:13.717Z", "updated_at": "2020-09-15T10:21:13.717Z", "is_active": true}}, {"model": "accounting.accounttype", "pk": 6, "fields": {"name": "equity", "header": "equity", "created_at": "2020-09-15T10:21:13.726Z", "updated_at": "2020-09-15T10:21:13.726Z", "is_active": true}}, {"model": "accounting.account", "pk": 1, "fields": {"uuid": "6c4ee862-ec4a-45b7-9e17-7666146b354b", "account_type": 1, "name": "assets", "opening_balance": 0.0, "closing_balance": 0.0, "opening_date": "2020-09-15T10:21:13.738Z", "closing_date": null, "current_amount": 0.0, "parent": null, "customer": null, "vendor": null, "is_active": true, "is_closed": false, "created_at": "2020-09-15T10:21:13.739Z", "updated_at": "2020-09-15T10:21:13.739Z", "credit": 0.0}}, {"model": "accounting.account", "pk": 2, "fields": {"uuid": "e78de143-9275-40b3-8131-013a55f0ea1f", "account_type": 2, "name": "expense", "opening_balance": 0.0, "closing_balance": 0.0, "opening_date": "2020-09-15T10:21:13.757Z", "closing_date": null, "current_amount": 0.0, "parent": null, "customer": null, "vendor": null, "is_active": true, "is_closed": false, "created_at": "2020-09-15T10:21:13.759Z", "updated_at": "2020-09-15T10:21:13.759Z", "credit": 0.0}}, {"model": "accounting.account", "pk": 3, "fields": {"uuid": "5c4f88a5-2411-4fc6-9ad8-6ce9d871e7c1", "account_type": 3, "name": "draw", "opening_balance": 0.0, "closing_balance": 0.0, "opening_date": "2020-09-15T10:21:13.769Z", "closing_date": null, "current_amount": 0.0, "parent": null, "customer": null, "vendor": null, "is_active": true, "is_closed": false, "created_at": "2020-09-15T10:21:13.771Z", "updated_at": "2020-09-15T10:21:13.771Z", "credit": 0.0}}, {"model": "accounting.account", "pk": 4, "fields": {"uuid": "c1e4c2a7-db34-4157-a224-59814786a99b", "account_type": 4, "name": "liabilities", "opening_balance": 0.0, "closing_balance": 0.0, "opening_date": "2020-09-15T10:21:13.787Z", "closing_date": null, "current_amount": 0.0, "parent": null, "customer": null, "vendor": null, "is_active": true, "is_closed": false, "created_at": "2020-09-15T10:21:13.789Z", "updated_at": "2020-09-15T10:21:13.789Z", "credit": 0.0}}, {"model": "accounting.account", "pk": 5, "fields": {"uuid": "75e4b4fa-535d-4f7e-b50a-dc24e7276832", "account_type": 5, "name": "revenue", "opening_balance": 0.0, "closing_balance": 0.0, "opening_date": "2020-09-15T10:21:13.802Z", "closing_date": null, "current_amount": 0.0, "parent": null, "customer": null, "vendor": null, "is_active": true, "is_closed": false, "created_at": "2020-09-15T10:21:13.803Z", "updated_at": "2020-09-15T10:21:13.803Z", "credit": 0.0}}, {"model": "accounting.account", "pk": 6, "fields": {"uuid": "430627cb-2edf-4516-85fd-87bb381b7368", "account_type": 6, "name": "equity", "opening_balance": 0.0, "closing_balance": 0.0, "opening_date": "2020-09-15T10:21:13.819Z", "closing_date": null, "current_amount": 0.0, "parent": null, "customer": null, "vendor": null, "is_active": true, "is_closed": false, "created_at": "2020-09-15T10:21:13.821Z", "updated_at": "2020-09-15T10:21:13.821Z", "credit": 0.0}}]