[{"model": "inventory.purchaseorderstatus", "pk": 1, "fields": {"name": "Completed", "is_end": true, "is_active": true}}, {"model": "inventory.purchaseorderstatus", "pk": 2, "fields": {"name": "Draft", "is_end": false, "is_active": true}}, {"model": "inventory.purchaseorderstatus", "pk": 3, "fields": {"name": "Processing", "is_end": false, "is_active": true}}, {"model": "inventory.itemcatagory", "pk": 1, "fields": {"parent": null, "name": "William", "is_active": true}}, {"model": "inventory.itemcatagory", "pk": 2, "fields": {"parent": null, "name": "Charles", "is_active": true}}, {"model": "inventory.itemcatagory", "pk": 3, "fields": {"parent": null, "name": "Melissa", "is_active": true}}, {"model": "inventory.itemcatagory", "pk": 4, "fields": {"parent": null, "name": "Alexander", "is_active": true}}, {"model": "inventory.item", "pk": 1, "fields": {"name": "Christian", "description": null, "weight": 1449000.0, "average_cost_price": 0.0, "is_active": true, "catagory": 1, "stock": 0, "sales_price": 85234472.0, "sold": 0, "weight_unit": "g", "barcode": "8651", "vat_enabled": true, "created_at": "2020-09-15T10:21:13.381Z", "updated_at": "2020-09-15T10:21:13.417Z"}}, {"model": "inventory.item", "pk": 2, "fields": {"name": "Noah", "description": null, "weight": 3106000.0, "average_cost_price": 0.0, "is_active": true, "catagory": 2, "stock": 0, "sales_price": 3.0, "sold": 0, "weight_unit": "g", "barcode": "9486", "vat_enabled": true, "created_at": "2020-09-15T10:21:13.458Z", "updated_at": "2020-09-15T10:21:13.488Z"}}, {"model": "inventory.place", "pk": 1, "fields": {"name": "Default", "is_active": true, "is_default": true}}]