[{"model": "accounting.accounttype", "pk": 1, "fields": {"name": "assets", "header": "assets", "created_at": "2020-09-03T11:09:13.221", "updated_at": "2020-09-03T11:09:13.221", "is_active": true}}, {"model": "accounting.accounttype", "pk": 2, "fields": {"name": "expense", "header": "expense", "created_at": "2020-09-03T11:09:13.246", "updated_at": "2020-09-03T11:09:13.246", "is_active": true}}, {"model": "accounting.accounttype", "pk": 3, "fields": {"name": "draw", "header": "draw", "created_at": "2020-09-03T11:09:13.271", "updated_at": "2020-09-03T11:09:13.271", "is_active": true}}, {"model": "accounting.accounttype", "pk": 4, "fields": {"name": "liabilities", "header": "liabilities", "created_at": "2020-09-03T11:09:13.289", "updated_at": "2020-09-03T11:09:13.289", "is_active": true}}, {"model": "accounting.accounttype", "pk": 5, "fields": {"name": "revenue", "header": "revenue", "created_at": "2020-09-03T11:09:13.301", "updated_at": "2020-09-03T11:09:13.301", "is_active": true}}, {"model": "accounting.accounttype", "pk": 6, "fields": {"name": "equity", "header": "equity", "created_at": "2020-09-03T11:09:13.315", "updated_at": "2020-09-03T11:09:13.315", "is_active": true}}, {"model": "accounting.account", "pk": 1, "fields": {"uuid": "f08bef38-1361-47b3-9f99-158adfac06bc", "account_type": 1, "name": "assets", "opening_balance": 0.0, "closing_balance": 0.0, "opening_date": "2020-09-03T11:09:13.330", "closing_date": null, "current_amount": 0.0, "parent": null, "customer": null, "vendor": null, "is_active": true, "is_closed": false, "created_at": "2020-09-03T11:09:13.332", "updated_at": "2020-09-03T11:09:13.332", "credit": 0.0}}, {"model": "accounting.account", "pk": 2, "fields": {"uuid": "09e2e688-33dc-4075-8ee2-9e6a94c9fa60", "account_type": 2, "name": "expense", "opening_balance": 0.0, "closing_balance": 0.0, "opening_date": "2020-09-03T11:09:13.347", "closing_date": null, "current_amount": 0.0, "parent": null, "customer": null, "vendor": null, "is_active": true, "is_closed": false, "created_at": "2020-09-03T11:09:13.348", "updated_at": "2020-09-03T11:09:13.348", "credit": 0.0}}, {"model": "accounting.account", "pk": 3, "fields": {"uuid": "7efa024b-6a96-4a9e-bbf3-26e138b6eb91", "account_type": 3, "name": "draw", "opening_balance": 0.0, "closing_balance": 0.0, "opening_date": "2020-09-03T11:09:13.369", "closing_date": null, "current_amount": 0.0, "parent": null, "customer": null, "vendor": null, "is_active": true, "is_closed": false, "created_at": "2020-09-03T11:09:13.370", "updated_at": "2020-09-03T11:09:13.370", "credit": 0.0}}, {"model": "accounting.account", "pk": 4, "fields": {"uuid": "038631bd-e663-4cd4-b4a1-b104d60997a1", "account_type": 4, "name": "liabilities", "opening_balance": 0.0, "closing_balance": 0.0, "opening_date": "2020-09-03T11:09:13.387", "closing_date": null, "current_amount": 0.0, "parent": null, "customer": null, "vendor": null, "is_active": true, "is_closed": false, "created_at": "2020-09-03T11:09:13.389", "updated_at": "2020-09-03T11:09:13.389", "credit": 0.0}}, {"model": "accounting.account", "pk": 5, "fields": {"uuid": "374cc3ad-5d1a-4080-aaa3-244f80be0372", "account_type": 5, "name": "revenue", "opening_balance": 0.0, "closing_balance": 0.0, "opening_date": "2020-09-03T11:09:13.401", "closing_date": null, "current_amount": 0.0, "parent": null, "customer": null, "vendor": null, "is_active": true, "is_closed": false, "created_at": "2020-09-03T11:09:13.403", "updated_at": "2020-09-03T11:09:13.403", "credit": 0.0}}, {"model": "accounting.account", "pk": 6, "fields": {"uuid": "56ba5f11-7f09-40f0-96d0-3c9e2f0b7b87", "account_type": 6, "name": "equity", "opening_balance": 0.0, "closing_balance": 0.0, "opening_date": "2020-09-03T11:09:13.421", "closing_date": null, "current_amount": 0.0, "parent": null, "customer": null, "vendor": null, "is_active": true, "is_closed": false, "created_at": "2020-09-03T11:09:13.423", "updated_at": "2020-09-03T11:09:13.423", "credit": 0.0}}]