[{"model": "accounting.accounttype", "pk": 1, "fields": {"name": "assets", "header": "assets", "created_at": "2020-09-15T08:25:49.412Z", "updated_at": "2020-09-15T08:25:49.412Z", "is_active": true}}, {"model": "accounting.accounttype", "pk": 2, "fields": {"name": "expense", "header": "expense", "created_at": "2020-09-15T08:25:49.426Z", "updated_at": "2020-09-15T08:25:49.426Z", "is_active": true}}, {"model": "accounting.accounttype", "pk": 3, "fields": {"name": "draw", "header": "draw", "created_at": "2020-09-15T08:25:49.442Z", "updated_at": "2020-09-15T08:25:49.442Z", "is_active": true}}, {"model": "accounting.accounttype", "pk": 4, "fields": {"name": "liabilities", "header": "liabilities", "created_at": "2020-09-15T08:25:49.456Z", "updated_at": "2020-09-15T08:25:49.456Z", "is_active": true}}, {"model": "accounting.accounttype", "pk": 5, "fields": {"name": "revenue", "header": "revenue", "created_at": "2020-09-15T08:25:49.465Z", "updated_at": "2020-09-15T08:25:49.465Z", "is_active": true}}, {"model": "accounting.accounttype", "pk": 6, "fields": {"name": "equity", "header": "equity", "created_at": "2020-09-15T08:25:49.475Z", "updated_at": "2020-09-15T08:25:49.475Z", "is_active": true}}, {"model": "accounting.account", "pk": 1, "fields": {"uuid": "4ea15ef6-8fc7-423f-bcf0-479e438a2c7d", "account_type": 1, "name": "assets", "opening_balance": 0.0, "closing_balance": 0.0, "opening_date": "2020-09-15T08:25:49.483Z", "closing_date": null, "current_amount": 0.0, "parent": null, "customer": null, "vendor": null, "is_active": true, "is_closed": false, "created_at": "2020-09-15T08:25:49.486Z", "updated_at": "2020-09-15T08:25:49.486Z", "credit": 0.0}}, {"model": "accounting.account", "pk": 2, "fields": {"uuid": "6609d6e4-f890-4b7c-a490-ac956347a38b", "account_type": 2, "name": "expense", "opening_balance": 0.0, "closing_balance": 0.0, "opening_date": "2020-09-15T08:25:49.498Z", "closing_date": null, "current_amount": 0.0, "parent": null, "customer": null, "vendor": null, "is_active": true, "is_closed": false, "created_at": "2020-09-15T08:25:49.500Z", "updated_at": "2020-09-15T08:25:49.500Z", "credit": 0.0}}, {"model": "accounting.account", "pk": 3, "fields": {"uuid": "1361d7c7-9c4e-45c8-a5fd-2d031cd686b1", "account_type": 3, "name": "draw", "opening_balance": 0.0, "closing_balance": 0.0, "opening_date": "2020-09-15T08:25:49.513Z", "closing_date": null, "current_amount": 0.0, "parent": null, "customer": null, "vendor": null, "is_active": true, "is_closed": false, "created_at": "2020-09-15T08:25:49.515Z", "updated_at": "2020-09-15T08:25:49.515Z", "credit": 0.0}}, {"model": "accounting.account", "pk": 4, "fields": {"uuid": "29760386-93ae-46e4-911f-389b31768128", "account_type": 4, "name": "liabilities", "opening_balance": 0.0, "closing_balance": 0.0, "opening_date": "2020-09-15T08:25:49.531Z", "closing_date": null, "current_amount": 0.0, "parent": null, "customer": null, "vendor": null, "is_active": true, "is_closed": false, "created_at": "2020-09-15T08:25:49.532Z", "updated_at": "2020-09-15T08:25:49.533Z", "credit": 0.0}}, {"model": "accounting.account", "pk": 5, "fields": {"uuid": "842c13f0-c7d7-40d5-bfa3-5754cc17bd3d", "account_type": 5, "name": "revenue", "opening_balance": 0.0, "closing_balance": 0.0, "opening_date": "2020-09-15T08:25:49.548Z", "closing_date": null, "current_amount": 0.0, "parent": null, "customer": null, "vendor": null, "is_active": true, "is_closed": false, "created_at": "2020-09-15T08:25:49.549Z", "updated_at": "2020-09-15T08:25:49.549Z", "credit": 0.0}}, {"model": "accounting.account", "pk": 6, "fields": {"uuid": "c4f01ecf-4d5e-4545-ac8f-9fa4e5b89c55", "account_type": 6, "name": "equity", "opening_balance": 0.0, "closing_balance": 0.0, "opening_date": "2020-09-15T08:25:49.565Z", "closing_date": null, "current_amount": 0.0, "parent": null, "customer": null, "vendor": null, "is_active": true, "is_closed": false, "created_at": "2020-09-15T08:25:49.567Z", "updated_at": "2020-09-15T08:25:49.567Z", "credit": 0.0}}]