[{"model": "payment.paymentmethod", "pk": 1, "fields": {"name": "credit", "header": "credit", "is_transaction_online": true, "is_active": true}}, {"model": "payment.paymentmethod", "pk": 2, "fields": {"name": "pre-paid", "header": "pre-paid", "is_transaction_online": true, "is_active": true}}, {"model": "payment.paymentmethod", "pk": 3, "fields": {"name": "cash", "header": "cash", "is_transaction_online": true, "is_active": true}}, {"model": "payment.paymentmethod", "pk": 4, "fields": {"name": "transfer", "header": "transfer", "is_transaction_online": true, "is_active": true}}, {"model": "payment.paymentmethod", "pk": 5, "fields": {"name": "bank", "header": "bank", "is_transaction_online": true, "is_active": true}}]